/*
SQLyog Ultimate v12.3.1 (64 bit)
MySQL - 5.7.31-log : Database - db_house
*********************************************************************
*/

/*!40101 SET NAMES utf8 */;

/*!40101 SET SQL_MODE=''*/;

/*!40014 SET @OLD_UNIQUE_CHECKS=@@UNIQUE_CHECKS, UNIQUE_CHECKS=0 */;
/*!40014 SET @OLD_FOREIGN_KEY_CHECKS=@@FOREIGN_KEY_CHECKS, FOREIGN_KEY_CHECKS=0 */;
/*!40101 SET @OLD_SQL_MODE=@@SQL_MODE, SQL_MODE='NO_AUTO_VALUE_ON_ZERO' */;
/*!40111 SET @OLD_SQL_NOTES=@@SQL_NOTES, SQL_NOTES=0 */;
CREATE DATABASE /*!32312 IF NOT EXISTS*/`db_house` /*!40100 DEFAULT CHARACTER SET utf8 */;

USE `db_house`;

/*Table structure for table `tb_admin` */

DROP TABLE IF EXISTS `tb_admin`;

CREATE TABLE `tb_admin` (
  `adminId` int(11) NOT NULL AUTO_INCREMENT,
  `adminAccount` varchar(50) COLLATE utf8mb4_bin DEFAULT NULL,
  `password` varchar(50) COLLATE utf8mb4_bin DEFAULT NULL,
  `adminName` varchar(50) COLLATE utf8mb4_bin DEFAULT NULL,
  PRIMARY KEY (`adminId`)
) ENGINE=InnoDB AUTO_INCREMENT=10003 DEFAULT CHARSET=utf8mb4 COLLATE=utf8mb4_bin;

/*Data for the table `tb_admin` */

insert  into `tb_admin`(`adminId`,`adminAccount`,`password`,`adminName`) values 
(10001,'1305172969','123456','EXPECT'),
(10002,'2592720526','123456','舟');

/*Table structure for table `tb_client` */

DROP TABLE IF EXISTS `tb_client`;

CREATE TABLE `tb_client` (
  `clientId` int(11) NOT NULL AUTO_INCREMENT,
  `clientAccount` varchar(20) COLLATE utf8mb4_bin NOT NULL,
  `clientPassword` varchar(20) COLLATE utf8mb4_bin NOT NULL,
  `clientPhone` varchar(11) COLLATE utf8mb4_bin NOT NULL,
  `clientName` varchar(20) COLLATE utf8mb4_bin NOT NULL,
  PRIMARY KEY (`clientId`)
) ENGINE=InnoDB AUTO_INCREMENT=10097 DEFAULT CHARSET=utf8mb4 COLLATE=utf8mb4_bin;

/*Data for the table `tb_client` */

insert  into `tb_client`(`clientId`,`clientAccount`,`clientPassword`,`clientPhone`,`clientName`) values 
(10001,'张吉惟1','12345','13407001231','张吉惟1'),
(10002,'林国瑞','12345','13407001202','林国瑞'),
(10003,'林玟书','12345','13407005970','林玟书'),
(10004,'林雅南','12345','13407089546','林雅南'),
(10005,'江奕云','1234','13407086325','江奕云'),
(10006,'刘柏宏','1234','13407080368','刘柏宏'),
(10007,'阮建安','12345','13407097300','阮建安'),
(10008,'林子帆','12345','13407097424','林子帆'),
(10009,'夏志豪','12345','13407092373','夏志豪'),
(10010,'吉茹定','123456','13407912553','吉茹定'),
(10011,'李中冰','123456','13407911524','李中冰'),
(10012,'黄文隆','1234','13407916619','黄文隆'),
(10013,'谢彦文','12345','13426689216','谢彦文'),
(10014,'傅智翔','123','13426682942','傅智翔'),
(10015,'洪振霞','123456','13426684190','洪振霞'),
(10016,'刘姿婷','123','13437009911','刘姿婷'),
(10017,'荣姿康','12345','13437007370','荣姿康'),
(10018,'吕致盈','12345','13437003383','吕致盈'),
(10019,'方一强','123','13437082324','方一强'),
(10020,'黎芸贵','123456','13437080836','黎芸贵'),
(10021,'郑伊雯','123456','13437083635','郑伊雯'),
(10022,'雷进宝','123456','13437099028','雷进宝'),
(10023,'吴美隆','12345','13437096077','吴美隆'),
(10024,'吴心真','123456','13437098131','吴心真'),
(10025,'王美珠','12345','13437900741','王美珠'),
(10026,'郭芳天','123','13437900421','郭芳天'),
(10027,'李雅惠','123456','13437905197','李雅惠'),
(10028,'陈文婷','123456','13437911036','陈文婷'),
(10029,'曹敏侑','1234','13437913938','曹敏侑'),
(10030,'王依婷','123456','13437912767','王依婷'),
(10031,'陈婉璇','1234','13479107145','陈婉璇'),
(10032,'吴美玉','12345','13479109413','吴美玉'),
(10033,'蔡依婷','1234','13479103640','蔡依婷'),
(10034,'郑昌梦','123','13479113415','郑昌梦'),
(10035,'林家纶','123456','13479116008','林家纶'),
(10036,'黄丽昆','12345','13479111949','黄丽昆'),
(10037,'李育泉','1234','13479126798','李育泉'),
(10038,'黄芸欢','12345','13479125180','黄芸欢'),
(10039,'吴韵如','1234','13479120063','吴韵如'),
(10040,'李肇芬','123','13479137721','李肇芬'),
(10041,'卢木仲','123456','13479137669','卢木仲'),
(10042,'李成白','123','13479130471','李成白'),
(10043,'方兆玉','12345','13479144024','方兆玉'),
(10044,'刘翊惠','1234','13479146867','刘翊惠'),
(10045,'丁汉臻','1234','13479143881','丁汉臻'),
(10046,'吴佳瑞','123','13479154718','吴佳瑞'),
(10047,'舒绿珮','123456','13479154340','舒绿珮'),
(10048,'周白芷','123','13479150419','周白芷'),
(10049,'张姿妤','123','13479161464','张姿妤'),
(10050,'张虹伦','123456','13479166397','张虹伦'),
(10051,'周琼玟','123456','13479168722','周琼玟'),
(10052,'倪怡芳','12345','13479172632','倪怡芳'),
(10053,'郭贵妃','12345','13479178927','郭贵妃'),
(10054,'杨佩芳','123456','13479179755','杨佩芳'),
(10055,'黄文旺','123','13479185045','黄文旺'),
(10056,'黄盛玫','1234','13479181396','黄盛玫'),
(10057,'郑丽青','12345','13479189430','郑丽青'),
(10058,'许智云','1234','13479191467','许智云'),
(10059,'张孟涵','1234','13479194492','张孟涵'),
(10060,'李小爱','123456','13479190669','李小爱'),
(10061,'宁绿叶','123','1475462145','aikun'),
(10062,'qwer','123456','123321','qwer'),
(10063,'EXPECT','123456','1305172969','张振彬'),
(10064,'陈政倩','12345','13479152427','陈政倩'),
(10065,'123','123','123','123'),
(10067,'翁惠珠','12345','13479169110','翁惠珠'),
(10068,'吴思翰','1234','13479167807','吴思翰'),
(10069,'林佩玲','12345','13479170183','林佩玲'),
(10070,'邓海来','123','13479172262','邓海来'),
(10071,'陈翊依','1234','13479176355','陈翊依'),
(10072,'李建智','123','13479179283','李建智'),
(10073,'武淑芬','12345','13479188253','武淑芬'),
(10074,'金雅琪','1234','13479185754','金雅琪'),
(10075,'赖怡宜','123456','13479184337','赖怡宜'),
(10076,'黄育霖','123456','13479182627','黄育霖'),
(10077,'张仪湖','123','13479198677','张仪湖'),
(10078,'王俊民','123','13479195643','王俊民'),
(10079,'张诗刚','12345','13479191904','张诗刚'),
(10080,'林慧颖','1234','13479198162','林慧颖'),
(10081,'熊海宏','123','123','熊海宏'),
(10088,'我是小熊','123','123123123','我是小熊'),
(10096,'小熊','123','123123123','小熊');

/*Table structure for table `tb_emp` */

DROP TABLE IF EXISTS `tb_emp`;

CREATE TABLE `tb_emp` (
  `empId` int(11) NOT NULL AUTO_INCREMENT,
  `adminId` int(11) DEFAULT NULL,
  `empName` varchar(10) COLLATE utf8mb4_bin DEFAULT NULL,
  `empPhone` decimal(11,0) DEFAULT NULL,
  `hiredate` date DEFAULT NULL,
  `empAccount` varchar(50) COLLATE utf8mb4_bin DEFAULT NULL,
  `empPassword` varchar(50) COLLATE utf8mb4_bin DEFAULT NULL,
  PRIMARY KEY (`empId`),
  KEY `adminId` (`adminId`),
  CONSTRAINT `tb_emp_ibfk_2` FOREIGN KEY (`adminId`) REFERENCES `tb_admin` (`adminId`)
) ENGINE=InnoDB AUTO_INCREMENT=10011 DEFAULT CHARSET=utf8mb4 COLLATE=utf8mb4_bin;

/*Data for the table `tb_emp` */

insert  into `tb_emp`(`empId`,`adminId`,`empName`,`empPhone`,`hiredate`,`empAccount`,`empPassword`) values 
(10001,10001,'村长',15720963175,'2020-05-12','村长','12456'),
(10002,10002,'沸羊羊',15170292977,'2020-03-25','沸羊羊','123'),
(10003,10002,'灰太狼',15720963175,'2020-03-25','灰太狼','12456'),
(10004,10002,'王维',15720963175,'2020-03-26','王维','12456'),
(10005,10002,'美羊羊',15720963175,'2020-03-17','美羊羊','123'),
(10006,10002,'熊二',15720963175,'2020-03-17','熊二','123'),
(10007,10002,'光头强',15720963175,'2020-03-17','光头强','123'),
(10008,10002,'熊大',15720963175,'2020-03-17','熊大','123'),
(10009,10001,'喜洋洋',15720963175,'2020-03-17','喜洋洋','123'),
(10010,10002,'懒洋洋',15720963175,'2020-03-17','懒洋洋','123');

/*Table structure for table `tb_house` */

DROP TABLE IF EXISTS `tb_house`;

CREATE TABLE `tb_house` (
  `houseId` int(11) NOT NULL AUTO_INCREMENT,
  `clientId` int(11) NOT NULL COMMENT '所属客户',
  `empId` int(11) DEFAULT NULL COMMENT '销售员工',
  `adminId` int(11) DEFAULT NULL COMMENT '管理员',
  `houseType` varchar(50) COLLATE utf8mb4_bin DEFAULT NULL COMMENT '新房，二手房',
  `housePrice` double(10,2) DEFAULT NULL COMMENT '预售价格',
  `houseArea` decimal(8,0) DEFAULT NULL COMMENT '房屋面积',
  `city` varchar(50) COLLATE utf8mb4_bin DEFAULT NULL COMMENT '所属城市',
  `address` varchar(50) COLLATE utf8mb4_bin DEFAULT NULL COMMENT '详细地址',
  `layoutType` varchar(50) COLLATE utf8mb4_bin DEFAULT NULL COMMENT '房子类型，两室一厅比如',
  `cellName` varchar(50) COLLATE utf8mb4_bin DEFAULT NULL COMMENT '所属小区',
  `houseOrientation` varchar(50) COLLATE utf8mb4_bin DEFAULT NULL COMMENT '房屋朝向',
  `imageId` int(11) DEFAULT NULL COMMENT '图片',
  `houseStatus` varchar(255) COLLATE utf8mb4_bin DEFAULT NULL,
  PRIMARY KEY (`houseId`),
  KEY `clientId` (`clientId`),
  KEY `empId` (`empId`),
  KEY `adminId` (`adminId`),
  CONSTRAINT `tb_house_ibfk_1` FOREIGN KEY (`clientId`) REFERENCES `tb_client` (`clientId`),
  CONSTRAINT `tb_house_ibfk_2` FOREIGN KEY (`empId`) REFERENCES `tb_emp` (`empId`),
  CONSTRAINT `tb_house_ibfk_3` FOREIGN KEY (`adminId`) REFERENCES `tb_admin` (`adminId`)
) ENGINE=InnoDB AUTO_INCREMENT=10142 DEFAULT CHARSET=utf8mb4 COLLATE=utf8mb4_bin;

/*Data for the table `tb_house` */

insert  into `tb_house`(`houseId`,`clientId`,`empId`,`adminId`,`houseType`,`housePrice`,`houseArea`,`city`,`address`,`layoutType`,`cellName`,`houseOrientation`,`imageId`,`houseStatus`) values 
(10001,10003,10002,10001,'新房',125.00,95,'南昌','青山湖区','3室2厅1厨1卫','世纪风情三期','南',10001,'已售'),
(10002,10001,10006,10002,'新房',112.00,101,'南昌','新城吾悦','3室2厅1厨2卫','龙江花园','北',10002,'已售'),
(10003,10002,10004,10001,'新房',110.00,118,'南昌','象湖','4室2厅1厨2卫','江西奥林匹克花园','南 北',10003,'已售'),
(10004,10002,10006,10002,'二手房',238.00,123,'南昌','象湖','4室2厅1厨2卫','新力金沙湾','南 北',10004,'已售'),
(10005,10002,10010,10002,'新房',126.80,121,'南昌','象湖','3室2厅1厨2卫','水晶岛九里象湖城','南',10005,'已售'),
(10006,10004,10002,10002,'新房',105.00,117,'南昌','紫荆路','3室2厅1厨2卫','绿地悦公馆','南 北',10006,'已售'),
(10007,10005,10009,10001,'二手房',160.00,99,'南昌','紫荆路','3室2厅1厨2卫','南天金源','南 北',10007,'已售'),
(10008,10006,10008,10001,'新房',163.00,99,'南昌','九龙湖','3室2厅1厨1卫','九龙湖新区上海建工恒锦家苑','南 北',10008,'已售'),
(10009,10006,10007,10002,'新房',198.00,129,'南昌','秋水广场','3室2厅1厨2卫','博泰江滨','北',10009,'已售'),
(10010,10007,10003,10002,'二手房',140.00,95,'南昌','九龙湖','3室2厅1厨1卫','绿地国际博览城一期藏珑','南',10010,'已售'),
(10011,10008,10004,10002,'二手房',99.00,107,'南昌','红角洲','3室2厅1厨2卫','绿地学府公馆','南 北',10011,'在售'),
(10012,10009,10006,10002,'二手房',52.00,100,'南昌','昌南','2室1厅1厨1卫','正荣大湖之都','南',10012,'已售'),
(10013,10009,10010,10002,'二手房',135.00,105,'南昌','高新区','3室1厅1厨2卫','中骏蓝湾香郡','东',10013,'已售'),
(10014,10009,10001,10001,'新房',157.50,104,'南昌','黄家湖','3室2厅1厨2卫','盛世华庭西区','东',10014,'已售'),
(10015,10010,10007,10001,'二手房',89.00,88,'南昌','象湖','3室2厅1厨1卫','居住主题公园-丁香怡景多层','南 北',10015,'已售'),
(10016,10011,10003,10001,'新房',270.00,138,'南昌','学府大道','3室2厅1厨2卫','联泰香域滨江','西',10016,'已售'),
(10017,10011,10001,10001,'二手房',136.00,124,'南昌','象湖','4室2厅1厨2卫','幸福时光一期','南 北',10017,'已售'),
(10018,10011,10008,10001,'新房',71.80,91,'南昌','红谷滩','3室2厅1厨1卫','银凯公元·九珑','南',10018,'已售'),
(10019,10012,10007,10001,'新房',148.00,107,'南昌','红谷滩','3室2厅1厨2卫','正荣华润玲珑府','南 北',10019,'在售'),
(10020,10013,10001,10001,'新房',43.00,55,'南昌','船山路','2室1厅1厨1卫','惠民门一区','南',10020,'已售'),
(10021,10013,10002,10001,'新房',80.00,111,'南昌','八一公园','3室2厅1厨1卫','赐福巷','北',10021,'在售'),
(10022,10014,10001,10002,'二手房',95.00,97,'南昌','象湖','3室1厅1厨1卫','银亿上尚城南区','东',10022,'已售'),
(10023,10014,10010,10001,'二手房',110.00,112,'南昌','象湖','5室3厅1厨3卫','幸福时光二期','南 北',10023,'在售'),
(10024,10001,10009,10001,'二手房',138.00,119,'南昌','朝阳洲','3室2厅1厨2卫','维多利亚华庭','西',10024,'已售'),
(10025,10015,10007,10001,'新房',115.00,88,'南昌','紫荆路','3室2厅1厨1卫','万科金域国际','西',10025,'在售'),
(10026,10017,10003,10001,'新房',93.00,152,'南昌','湾里','4室1厅1厨2卫','兴宸·山水艺墅','南',10026,'在售'),
(10027,10017,10005,10002,'新房',139.90,168,'南昌','象湖','4室2厅1厨2卫','伟梦东方院','东',10027,'已售'),
(10028,10018,10004,10001,'二手房',112.80,130,'南昌','二七南','5室2厅1厨2卫','二七南路','北',10028,'已售'),
(10029,10018,10009,10002,'二手房',102.00,100,'南昌','昌南','3室2厅1厨2卫','金域华府','南 北',10029,'已售'),
(10030,10018,10010,10002,'新房',265.00,158,'南昌','九龙湖','3室12厅1厨2卫','海珀九龙','南',10030,'已售'),
(10031,10019,10004,10002,'新房',138.00,94,'南昌','艾溪湖东','3室2厅1厨2卫','保利香槟国际（艾溪湖二路66号）','东',10031,'在售'),
(10032,10020,10007,10002,'二手房',145.00,100,'南昌','八一公园','3室2厅1厨1卫','南昌市第一医院小区','东',10032,'已售'),
(10033,10020,10009,10001,'二手房',139.00,110,'南昌','红湾大道以南','3室2厅1厨1卫','红谷·新城','南',10033,'已售'),
(10034,10020,10008,10001,'二手房',115.00,88,'南昌','紫荆路','3室2厅1厨2卫','洪客隆英伦联邦','东',10034,'已售'),
(10035,10021,10004,10002,'新房',27.00,39,'南昌','八一公园','1室1厅1厨1卫','华联住宅区','西',10035,'在售'),
(10036,10022,10003,10001,'新房',149.00,112,'南昌','银三角','3室2厅1厨2卫','万科城市花园','南',10036,'已售'),
(10037,10023,10001,10002,'二手房',229.00,109,'南昌','朝阳新城','3室2厅1厨2卫','新力雅园','南',10037,'已售'),
(10038,10025,10007,10002,'新房',65.00,86,'南昌','蛟桥','2室2厅1厨1卫','枫庐新天地','南',10038,'已售'),
(10039,10026,10005,10002,'新房',116.80,89,'南昌','莲塘','3室2厅1厨1卫','馨雅北苑','东',10039,'在售'),
(10040,10002,10006,10001,'二手房',120.00,114,'南昌','红谷滩','3室2厅1厨2卫','西站瑞都','南 北',10040,'已售'),
(10041,10026,10005,10002,'二手房',124.00,79,'南昌','九龙湖','2室1厅1厨1卫','绿地国际博览城二期博鸿','南',10041,'已售'),
(10042,10029,10006,10002,'新房',150.00,130,'南昌','紫荆路','3室2厅1厨2卫','绿地悦公馆','南',10042,'在售'),
(10043,10029,10004,10002,'新房',150.00,117,'南昌','红谷滩','3室2厅1厨2卫','新力禧园','西',10043,'在售'),
(10044,10031,10005,10001,'新房',195.00,100,'南昌','朝阳新城','3室2厅1厨1卫','华侨城万科','南',10044,'已售'),
(10045,10031,10007,10001,'新房',128.00,96,'南昌','九龙湖','3室2厅1厨1卫','绿地国际博览城一期御珑','西',10045,'已售'),
(10046,10031,10003,10001,'新房',115.00,89,'南昌','莲塘','3室2厅1厨1卫','金色学府','南 北',10046,'已售'),
(10047,10032,10010,10002,'新房',115.00,133,'南昌','九龙湖','3室2厅1厨2卫','万达文化旅游城N2区','东',10047,'已售'),
(10048,10033,10009,10002,'新房',135.00,136,'南昌','九龙湖','3室2厅1厨2卫','万达文化旅游城C区','北',10048,'已售'),
(10049,10034,10004,10002,'新房',92.00,90,'南昌','象湖','3室2厅1厨1卫','江西奥林匹克花园','南',10049,'已售'),
(10050,10035,10001,10001,'新房',92.00,88,'南昌','象湖','3室2厅1厨1卫','伟象碧桂园','南 北',10050,'已售'),
(10051,10040,10009,10001,'二手房',133.00,96,'南昌','九龙湖','3室2厅1厨1卫','绿地国际博览城一期御珑','南',10051,'已售'),
(10052,10042,10006,10001,'二手房',73.20,89,'南昌','象湖','3室2厅1厨1卫','居住主题公园-枫丹白鹭','南 北',10052,'已售'),
(10053,10042,10010,10002,'新房',135.00,110,'南昌','九龙湖','3室2厅1厨1卫','万达文化旅游城C区','西南',10053,'已售'),
(10054,10044,10009,10002,'二手房',167.00,111,'南昌','象湖','3室2厅1厨2卫','新力金沙湾','东',10054,'已售'),
(10055,10044,10003,10002,'二手房',95.00,89,'南昌','象湖','3室2厅1厨1卫','平安象湖风情','南',10055,'已售'),
(10056,10046,10003,10002,'新房',99.00,117,'南昌','象湖','3室2厅1厨2卫','银城江畔','南',10056,'已售'),
(10057,10046,10002,10001,'新房',110.00,89,'南昌','象湖','3室2厅1厨1卫','幸福时光三期','南 北',10057,'已售'),
(10058,10047,10001,10002,'二手房',130.00,122,'南昌','象湖','3室2厅1厨2卫','银亿上尚城北区','北',10058,'在售'),
(10059,10048,10004,10002,'新房',95.00,102,'南昌','莲塘','3室2厅1厨1卫','保利春天里','南 北',10059,'已售'),
(10060,10048,10005,10001,'新房',99.00,87,'南昌','象湖','3室2厅1厨1卫','保集半岛一期','南 北',10060,'已售'),
(10061,10048,10005,10001,'新房',218.00,128,'南昌','新城吾悦','3室2厅1厨2卫','万科四季花城北区','南',10061,'已售'),
(10062,10049,10006,10001,'新房',123.00,138,'南昌','象湖','4室3厅1厨2卫','伟梦东方院','西',10062,'已售'),
(10063,10049,10006,10001,'二手房',53.90,73,'南昌','红谷滩','2室2厅1厨1卫','九悦澜湾','南',10063,'已售'),
(10064,10050,10008,10001,'新房',119.00,124,'南昌','象湖','3室2厅1厨2卫','伟梦东方院','东',10064,'已售'),
(10065,10051,10009,10002,'二手房',183.00,116,'南昌','九龙湖','3室2厅1厨2卫','绿地国际博览城二期博浩','南 北',10065,'已售'),
(10066,10051,10006,10001,'新房',185.00,116,'南昌','九龙湖','3室2厅1厨2卫','绿地国际博览城二期博浩','南',10066,'已售'),
(10067,10051,10002,10001,'二手房',339.00,140,'南昌','九龙湖','4室2厅2厨2卫','万科粹叠园','北',10067,'已售'),
(10068,10052,10010,10001,'二手房',142.00,171,'南昌','象湖','5室2厅1厨2卫','龙安花园','南 北',10068,'已售'),
(10069,10052,10009,10002,'二手房',56.00,106,'南昌','向塘','3室1厅1厨1卫','世纪星城','南',10069,'已售'),
(10070,10052,10005,10002,'二手房',116.00,87,'南昌','象湖','3室2厅1厨1卫','保集半岛御河湾二期','西',10070,'已售'),
(10071,10053,10009,10001,'新房',95.00,93,'南昌','象湖','3室2厅1厨1卫','新力象湖湾','南',10071,'在售'),
(10072,10053,10005,10001,'新房',130.00,102,'南昌','象湖','3室2厅1厨2卫','新力金沙湾','东',10072,'在售'),
(10073,10054,10007,10002,'新房',79.00,72,'南昌','叠山路','2室1厅1厨1卫','苏圃路1号住宅小区','东',10073,'已售'),
(10074,10054,10002,10001,'新房',92.80,98,'南昌','江铃','2室2厅1厨1卫','象湖威尼斯','南',10074,'在售'),
(10075,10054,10009,10002,'二手房',95.00,81,'南昌','江铃','2室1厅1厨1卫','水榭花都','南',10075,'在售'),
(10076,10055,10004,10002,'二手房',128.60,89,'南昌','莲塘','3室2厅1厨1卫','君悦府','南 北',10076,'已售'),
(10077,10055,10008,10002,'新房',86.00,105,'南昌','文教路','2室2厅1厨1卫','金属材料公司宿舍','北',10077,'已售'),
(10078,10057,10007,10002,'新房',180.00,118,'南昌','黄家湖','3室1厅1厨2卫','众森红谷一品','南 北',10078,'已售'),
(10079,10058,10005,10002,'新房',215.00,104,'南昌','新城吾悦','4室2厅1厨2卫','万科四季花城北区','南',10079,'已售'),
(10080,10005,10005,NULL,'新房',233.00,132,'南昌','江西省南昌市华东交通大学','二室一厅','啊实打实','东',10056,'在售'),
(10081,10006,10004,NULL,'二手房',321.00,123,'宜春','袁州区','三室两厅','阿斯蒂芬','北',10045,'在售'),
(10082,10005,10006,NULL,'新房',123.00,123,'宜春','袁州区','三室一厅一卫','朝阳广场','北',10026,'在售'),
(10083,10002,10005,NULL,'新房',123.00,123,'宜春','袁州区','二室一厅一卫','黄陂路口','南',10028,'在售'),
(10085,10004,10003,NULL,'新房',123.00,123,'宜春','袁州区','三室一厅一卫','平安西路','北',100046,'在售'),
(10091,10081,10002,NULL,'新房',50.00,130,'宜春','袁州区','三室一厅一卫','龙泉小区','南',10001,'已售'),
(10092,10088,10009,NULL,'新房',123.00,123,'宜春','袁州区','三室一厅一卫','龙泉花苑','南',10016,'已售'),
(10093,10088,10003,NULL,'二手房',123.00,123,'宜春','袁州区','三室一厅一卫','晋升花园','东',10036,'已售'),
(10095,10002,10002,10001,'新房',98.00,106,'南昌','洪都航空工业园','3室2厅1厨2卫','恒茂英伦国际','南 北',10095,'在售'),
(10096,10003,10009,10001,'二手房',143.00,96,'南昌','艾溪湖东','3室2厅1厨1卫','绿都·温莎城堡','南',10096,'在售'),
(10097,10004,10005,10002,'新房',136.00,116,'南昌','红谷滩','3室2厅1厨2卫','新力龙湾一期','南',10097,'在售'),
(10098,10005,10006,10001,'新房',66.00,99,'南昌','天宁路','3室2厅1厨1卫','金佳云舒花城','南',10098,'在售'),
(10099,10006,10008,10002,'新房',188.00,118,'南昌','紫荆路','4室2厅1厨2卫','南天金源','南 北',10099,'在售'),
(10100,10007,10008,10001,'二手房',110.00,112,'南昌','洪都','3室2厅1厨2卫','江信国际嘉园','南',10100,'在售'),
(10101,10008,10008,10001,'新房',96.00,88,'南昌','紫荆路','3室2厅1厨1卫','万科金域国际','南',10101,'在售'),
(10102,10009,10007,10002,'二手房',231.00,141,'南昌','新力时代广场','3室2厅1厨2卫','高知公寓','南',10102,'在售'),
(10103,10010,10006,10002,'新房',178.00,99,'南昌','新城吾悦','3室2厅1厨2卫','万科四季花城北区','南',10103,'在售'),
(10104,10011,10001,10002,'新房',90.00,93,'南昌','西湖区','3室2厅1厨1卫','铁路二村','南',10104,'在售'),
(10105,10012,10006,10002,'新房',75.00,79,'南昌','船山路','3室2厅1厨1卫','东书院街','南',10105,'在售'),
(10109,10081,10001,10001,'二手房',149.90,116,'南昌','庐山南大道','3室2厅1厨2卫','天赐良园','南',10109,'在售'),
(10110,10081,10005,10002,'二手房',100.00,92,'南昌','太子殿','3室2厅1厨2卫','水文嘉苑','南 北',10110,'已售'),
(10118,10003,10006,10002,'新房',156.00,126,'南昌','双港东大街','4室2厅1厨2卫','德艺财苑','东',10056,'在售'),
(10119,10006,10007,10002,'二手房',32.00,42,'南昌','双港东大街','1室1厅1厨1卫','德艺财苑','西',10023,'在售'),
(10120,10007,10010,10002,'新房',56.00,53,'南昌','双港东大街','1室1厅1厨1卫','德艺财苑','北',10010,'在售'),
(10121,10055,10009,10001,'二手房',79.00,68,'南昌','西湖','2室1厅1厨1卫','朝阳小区','南',10011,'在售'),
(10122,10055,10001,10001,'二手房',46.00,54,'南昌','西湖','1室1厅1厨1卫','朝阳小区','南',10075,'在售'),
(10123,10046,10002,10001,'新房',89.00,78,'南昌','西湖','3室1厅1厨1卫','朝阳小区','北',10069,'在售'),
(10124,10045,10002,10001,'新房',115.00,96,'南昌','东湖旭照路','3室1厅1厨1卫','聆江花园','北',10071,'在售'),
(10125,10025,10001,10001,'新房',156.00,128,'南昌','东湖旭照路','3室1厅1厨2卫','聆江花园1期','南',10059,'在售'),
(10126,10024,10003,10001,'新房',156.00,128,'南昌','东湖旭照路','3室1厅1厨2卫','聆江花园','南',10060,'在售'),
(10127,10018,10004,10001,'新房',182.00,136,'南昌','东湖南京西路','4室1厅1厨2卫','怡园小区','南 北',10061,'在售'),
(10128,10016,10008,10001,'新房',128.00,88,'南昌','东湖南京西路','3室1厅1厨1卫','怡园小区','东',10062,'在售'),
(10129,10013,10007,10002,'二手房',109.00,83,'南昌','东湖民德路','3室1厅1厨1卫','民德路小区','西',10063,'在售'),
(10130,10013,10007,10002,'二手房',98.00,72,'南昌','民德路','2室1厅1厨1卫','民德路小区','南 北',10048,'在售'),
(10131,10019,10006,10002,'二手房',142.00,105,'南昌','民德路','3室1厅1厨2卫','民德路小区','南',10049,'在售'),
(10141,10096,10005,NULL,'新房',123.00,123,'九江','九江区','5室1厅1厨1卫','九江小区','东',10127,'在售');

/*Table structure for table `tb_img` */

DROP TABLE IF EXISTS `tb_img`;

CREATE TABLE `tb_img` (
  `imgId` int(11) NOT NULL AUTO_INCREMENT,
  `img1` varchar(1000) DEFAULT NULL,
  `img2` varchar(1000) DEFAULT NULL,
  `img3` varchar(1000) DEFAULT NULL,
  `img4` varchar(1000) DEFAULT NULL,
  `img5` varchar(1000) DEFAULT NULL,
  PRIMARY KEY (`imgId`)
) ENGINE=InnoDB AUTO_INCREMENT=10128 DEFAULT CHARSET=utf8;

/*Data for the table `tb_img` */

insert  into `tb_img`(`imgId`,`img1`,`img2`,`img3`,`img4`,`img5`) values 
(10001,'https://image1.ljcdn.com/110000-inspection/apc_wvaFRt734_1.jpg.710x400.jpg','https://image1.ljcdn.com/110000-inspection/pc0_QyuLpOgzT.jpg.710x400.jpg','https://image1.ljcdn.com/x-se/hdic-frame/standard_82d4fec5-d0e3-476f-bb40-c2aa486e4439.png.710x400.jpg','https://image1.ljcdn.com/110000-inspection/pc0_QtVWKEkny.jpg.710x400.jpg','https://image1.ljcdn.com/110000-inspection/pc0_0xyR1HyEA.jpg.710x400.jpg'),
(10002,'https://image1.ljcdn.com/110000-inspection/pc1_eE3CjiAZ1_1.jpg.710x400.jpg','https://image1.ljcdn.com/110000-inspection/pc0_9dEoVMuYE_1.jpg.710x400.jpg','https://image1.ljcdn.com/110000-inspection/pc0_W8HKZ9ag0_1.jpg.710x400.jpg','https://image1.ljcdn.com/x-se/hdic-frame/standard_f0420fc7-2c0c-4020-add5-b8366b254f10.png.710x400.jpg','https://image1.ljcdn.com/110000-inspection/pc0_P5xgr6a2N_1.jpg.710x400.jpg'),
(10003,'https://image1.ljcdn.com/110000-inspection/pc1_UWo1b4R2x_1.jpg.710x400.jpg','https://image1.ljcdn.com/110000-inspection/apc_bdWWGngzz_1.jpg.710x400.jpg','https://image1.ljcdn.com/110000-inspection/apc_ZnBIHttDj_1.jpg.710x400.jpg','https://image1.ljcdn.com/x-se/hdic-frame/standard_6b09fc79-d244-45df-8947-7222fc6d49ec.png.710x400.jpg','https://image1.ljcdn.com/110000-inspection/pc0_mVlpQqx23_1.jpg.710x400.jpg'),
(10004,'https://image1.ljcdn.com/110000-inspection/pc0_OfEvxhuQN_1.jpg.710x400.jpg','https://image1.ljcdn.com/110000-inspection/pc0_QMWDgKsdA_1.jpg.710x400.jpg','https://image1.ljcdn.com/x-se/hdic-frame/standard_77cb765f-f69f-4d60-8dd9-c68f2876303d.png.710x400.jpg','https://image1.ljcdn.com/110000-inspection/pc0_QCCMGjFbq_1.jpg.710x400.jpg','https://image1.ljcdn.com/110000-inspection/apc_HnNF3VeSH_1.jpg.710x400.jpg'),
(10005,'https://image1.ljcdn.com/110000-inspection/pc1_qpDU9BPoO_1.jpg.710x400.jpg','https://image1.ljcdn.com/110000-inspection/apc_lM3H0r6hy_1.jpg.710x400.jpg','https://image1.ljcdn.com/110000-inspection/pc0_1nwJREF2p_1.jpg.710x400.jpg','https://image1.ljcdn.com/x-se/hdic-frame/standard_9c4245d3-8d5d-4914-8462-e0f238e9b4b6.png.710x400.jpg','https://image1.ljcdn.com/110000-inspection/apc_gj4FeDSal_1.jpg.710x400.jpg'),
(10006,'https://image1.ljcdn.com/110000-inspection/pc1_JMJxKlYZQ.jpg.710x400.jpg','https://image1.ljcdn.com/110000-inspection/pc0_1pOJNeNxV.jpg.710x400.jpg','https://image1.ljcdn.com/110000-inspection/pc0_47MUFjPnq.jpg.710x400.jpg','https://image1.ljcdn.com/x-se/hdic-frame/standard_da7125d2-53ed-4953-a8e7-e0e5367e90d8.png.710x400.jpg','https://image1.ljcdn.com/110000-inspection/pc0_dH74mB84x.jpg.710x400.jpg'),
(10007,'https://image1.ljcdn.com/110000-inspection/pc1_sv5kFvG7c_1.jpg.710x400.jpg','https://image1.ljcdn.com/110000-inspection/pc0_OoOpfK1BM_1.jpg.710x400.jpg','https://image1.ljcdn.com/110000-inspection/pc0_1psMPFPJe_1.jpg.710x400.jpg','https://image1.ljcdn.com/x-se/hdic-frame/standard_113a7be8-2d2a-44e6-a64e-944b09e96132.png.710x400.jpg','https://image1.ljcdn.com/110000-inspection/pc0_Z2vh8M1Kp_1.jpg.710x400.jpg'),
(10008,'https://image1.ljcdn.com/110000-inspection/pc1_LKoUlqRuP_1.jpg.710x400.jpg','https://image1.ljcdn.com/110000-inspection/pc0_o636Oq59c_1.jpg.710x400.jpg','https://image1.ljcdn.com/110000-inspection/apc_ZtOQYOsLj_1.jpg.710x400.jpg','https://image1.ljcdn.com/x-se/hdic-frame/standard_4b4b0cfd-a212-46d6-b7ce-ee43a4215e0f.png.710x400.jpg','https://image1.ljcdn.com/110000-inspection/apc_M8Rfr0AXZ_1.jpg.710x400.jpg'),
(10009,'https://image1.ljcdn.com/110000-inspection/pc1_qKaLZQ5Mj_1.jpg.710x400.jpg','https://image1.ljcdn.com/110000-inspection/pc0_5qF2tkXYv_1.jpg.710x400.jpg','https://image1.ljcdn.com/110000-inspection/pc0_A5ESYvN53_1.jpg.710x400.jpg','https://image1.ljcdn.com/x-se/hdic-frame/standard_69da14a5-185e-4003-88dd-c6d0e90bf0b0.png.710x400.jpg','https://image1.ljcdn.com/110000-inspection/pc0_tXoSWfl9c_1.jpg.710x400.jpg'),
(10010,'https://image1.ljcdn.com/110000-inspection/pc1_nOQnnGZKM.jpg.710x400.jpg','https://image1.ljcdn.com/110000-inspection/pc0_ZhFfipppw_1.jpg.710x400.jpg','https://image1.ljcdn.com/110000-inspection/apc_YV2HE9GF2_1.jpg.710x400.jpg','https://image1.ljcdn.com/x-se/hdic-frame/standard_4487b442-6389-45ae-b3d3-ebe56a49a8e7.png.710x400.jpg','https://image1.ljcdn.com/110000-inspection/apc_Wn8LoWWJe_1.jpg.710x400.jpg'),
(10011,'https://image1.ljcdn.com/110000-inspection/apc_OI9xhqyF9_1.jpg.710x400.jpg','https://image1.ljcdn.com/110000-inspection/pc0_boEebRH08_1.jpg.710x400.jpg','https://image1.ljcdn.com/x-se/hdic-frame/standard_3c377446-db4e-40b4-ba8e-4e59f99f34be.png.710x400.jpg','https://image1.ljcdn.com/110000-inspection/pc0_4nRKFNYd4_1.jpg.710x400.jpg','https://image1.ljcdn.com/110000-inspection/pc0_StOHshuBI_1.jpg.710x400.jpg'),
(10012,'https://image1.ljcdn.com/110000-inspection/pc0_q2YMQbZMu_1.jpg.710x400.jpg','https://image1.ljcdn.com/110000-inspection/pc0_sIrXI3mt3_1.jpg.710x400.jpg','https://image1.ljcdn.com/x-se/hdic-frame/standard_7c0d48c8-4bcf-4910-bd0d-501725e89449.png.710x400.jpg','https://image1.ljcdn.com/110000-inspection/pc0_rI7i83ow1_1.jpg.710x400.jpg','https://image1.ljcdn.com/110000-inspection/pc0_L8LYo4gLl_1.jpg.710x400.jpg'),
(10013,'https://image1.ljcdn.com/110000-inspection/pc1_u4ZlqNuto_1.jpg.710x400.jpg','https://image1.ljcdn.com/110000-inspection/apc_xaLfzIQrY_1.jpg.710x400.jpg','https://image1.ljcdn.com/110000-inspection/apc_YNWMK2X83_1.jpg.710x400.jpg','https://image1.ljcdn.com/x-se/hdic-frame/standard_8c26038b-76d8-4e25-8516-d14b5b9f0095.png.710x400.jpg','https://image1.ljcdn.com/110000-inspection/apc_NVNPuWSkg_1.jpg.710x400.jpg'),
(10014,'https://image1.ljcdn.com/110000-inspection/pc1_uC7r6SZlz.jpg.710x400.jpg','https://image1.ljcdn.com/110000-inspection/pc0_WIgc6s7Ai_1.jpg.710x400.jpg','https://image1.ljcdn.com/110000-inspection/pc0_eS5rkWddN.jpg.710x400.jpg','https://image1.ljcdn.com/x-se/hdic-frame/standard_55336e14-4615-46c7-abf7-5ee0785bf02e.png.710x400.jpg','https://image1.ljcdn.com/110000-inspection/apc_eAXgBoGiu_1.jpg.710x400.jpg'),
(10015,'https://image1.ljcdn.com/110000-inspection/pc1_VKEy5b6h3_1.jpg.710x400.jpg','https://image1.ljcdn.com/110000-inspection/apc_Zz59iYnue_1.jpg.710x400.jpg','https://image1.ljcdn.com/110000-inspection/apc_NtgoiXrVI_1.jpg.710x400.jpg','https://image1.ljcdn.com/x-se/hdic-frame/standard_67f04b8e-6e88-4369-b7fb-ffb6ab84d892.png.710x400.jpg','https://image1.ljcdn.com/110000-inspection/apc_GH3fMW0tB_1.jpg.710x400.jpg'),
(10016,'https://image1.ljcdn.com/110000-inspection/pc0_aLIKsPJGN.jpg.710x400.jpg','https://image1.ljcdn.com/110000-inspection/pc0_LXTTB0eYE.jpg.710x400.jpg','https://image1.ljcdn.com/x-se/hdic-frame/standard_46a06a39-b064-43d4-8f4a-081a35d0c76a.png.710x400.jpg','https://image1.ljcdn.com/110000-inspection/pc0_fRwfcQ44W.jpg.710x400.jpg','https://image1.ljcdn.com/110000-inspection/pc0_cUQNGaxHz.jpg.710x400.jpg'),
(10017,'https://image1.ljcdn.com/110000-inspection/pc1_YT3Bz4XS2_1.jpg.710x400.jpg','https://image1.ljcdn.com/110000-inspection/pc0_cXdAw9bDl_1.jpg.710x400.jpg','https://image1.ljcdn.com/110000-inspection/pc0_XrLGOiZ1U_1.jpg.710x400.jpg','https://image1.ljcdn.com/x-se/hdic-frame/standard_15197e47-8ab3-4e1b-8b7f-d0fb53923e07.png.710x400.jpg','https://image1.ljcdn.com/110000-inspection/pc0_yGPtoXLF5_1.jpg.710x400.jpg'),
(10018,'https://image1.ljcdn.com/110000-inspection/pc1_SxXoSPA5M_1.jpg.710x400.jpg','https://image1.ljcdn.com/110000-inspection/pc0_OVnHUdues_1.jpg.710x400.jpg','https://image1.ljcdn.com/110000-inspection/pc0_HTULlwQpg_1.jpg.710x400.jpg','https://image1.ljcdn.com/x-se/hdic-frame/standard_b15addb5-814c-41a3-9dbe-da90b3eca832.png.710x400.jpg','https://image1.ljcdn.com/110000-inspection/pc0_Pfi28fJ86_1.jpg.710x400.jpg'),
(10019,'https://image1.ljcdn.com/110000-inspection/pc1_O4DyEkEbD_1.jpg.710x400.jpg','https://image1.ljcdn.com/110000-inspection/apc_F09H3IsN5_1.jpg.710x400.jpg','https://image1.ljcdn.com/110000-inspection/pc0_tQIifXrW0_1.jpg.710x400.jpg','https://image1.ljcdn.com/x-se/hdic-frame/standard_890efb0c-5a1d-420b-8f3e-1bf455769594.png.710x400.jpg','https://image1.ljcdn.com/110000-inspection/pc0_i8ujQY12K_1.jpg.710x400.jpg'),
(10020,'https://image1.ljcdn.com/110000-inspection/pc1_dM3TGCy8D_1.jpg.710x400.jpg','https://image1.ljcdn.com/110000-inspection/apc_eH3BLkDqa_1.jpg.710x400.jpg','https://image1.ljcdn.com/110000-inspection/apc_5shjOTIfR_1.jpg.710x400.jpg','https://image1.ljcdn.com/x-se/hdic-frame/standard_164fabd9-8587-4b7b-9725-171d397bad32.png.710x400.jpg','https://image1.ljcdn.com/110000-inspection/apc_t0UhuDsZQ_1.jpg.710x400.jpg'),
(10021,'https://image1.ljcdn.com/110000-inspection/pc1_VBHG9jcPs_1.jpg.710x400.jpg','https://image1.ljcdn.com/110000-inspection/pc0_1yYxvUpAl_1.jpg.710x400.jpg','https://image1.ljcdn.com/110000-inspection/apc_cU1hbDSFY_1.jpg.710x400.jpg','https://image1.ljcdn.com/x-se/hdic-frame/standard_37df0dc6-40a5-4d42-acef-13d34bdc9da3.png.710x400.jpg','https://image1.ljcdn.com/110000-inspection/apc_yd4zwiFaB_1.jpg.710x400.jpg'),
(10022,'https://image1.ljcdn.com/110000-inspection/pc1_KBmD6CPIp_1.jpg.710x400.jpg','https://image1.ljcdn.com/110000-inspection/pc0_kDSwZv8CO_1.jpg.710x400.jpg','https://image1.ljcdn.com/110000-inspection/pc0_mtVgMi7pK_1.jpg.710x400.jpg','https://image1.ljcdn.com/x-se/hdic-frame/standard_1b9bc5c6-dfc8-441d-b8de-a8962635ce3a.png.710x400.jpg','https://image1.ljcdn.com/110000-inspection/pc0_rnE7Yjv8P_1.jpg.710x400.jpg'),
(10023,'https://image1.ljcdn.com/110000-inspection/pc0_5YhYtZPBV_1.jpg.710x400.jpg','https://image1.ljcdn.com/110000-inspection/pc0_lgIXeDTff_1.jpg.710x400.jpg','https://image1.ljcdn.com/x-se/hdic-frame/standard_f9f67301-07c3-49c0-ab81-681dc584ac65.png.710x400.jpg','https://image1.ljcdn.com/110000-inspection/apc_1LcPJvQRi_1.jpg.710x400.jpg','https://image1.ljcdn.com/110000-inspection/apc_ylox9A2R4_1.jpg.710x400.jpg'),
(10024,'https://image1.ljcdn.com/110000-inspection/pc0_wiN2YVbGu_1.jpg.710x400.jpg','https://image1.ljcdn.com/110000-inspection/pc0_GiFgJnv0G_1.jpg.710x400.jpg','https://image1.ljcdn.com/x-se/hdic-frame/standard_6ae534fa-9f56-487a-a7d7-a50e18ab1044.png.710x400.jpg','https://image1.ljcdn.com/110000-inspection/pc0_sQ8pAYgsi_1.jpg.710x400.jpg','https://image1.ljcdn.com/110000-inspection/pc0_I4BzTlbdv_1.jpg.710x400.jpg'),
(10025,'https://image1.ljcdn.com/110000-inspection/pc1_5vedNjM3c_1.jpg.710x400.jpg','https://image1.ljcdn.com/110000-inspection/pc0_o5OuchxrB_1.jpg.710x400.jpg','https://image1.ljcdn.com/110000-inspection/apc_b4kQgH9Xo_1.jpg.710x400.jpg','https://image1.ljcdn.com/x-se/hdic-frame/standard_65c0eb70-32b6-46d8-ae08-9a114026750d.png.710x400.jpg','https://image1.ljcdn.com/110000-inspection/apc_oArkCR69w_1.jpg.710x400.jpg'),
(10026,'https://image1.ljcdn.com/110000-inspection/pc1_3XOB6CSXa_1.jpg.710x400.jpg','https://image1.ljcdn.com/110000-inspection/pc0_6MKELMRHU_1.jpg.710x400.jpg','https://image1.ljcdn.com/110000-inspection/apc_TqLmEEaXh_1.jpg.710x400.jpg','https://image1.ljcdn.com/x-se/hdic-frame/standard_1357b363-a748-47cb-9942-3d00c83ac557.png.710x400.jpg','https://image1.ljcdn.com/110000-inspection/apc_keUlOUrKi_1.jpg.710x400.jpg'),
(10027,'https://image1.ljcdn.com/110000-inspection/pc0_d1Zm9LOi9_1.jpg.710x400.jpg','https://image1.ljcdn.com/110000-inspection/pc0_PwU0UVIE1_1.jpg.710x400.jpg','https://image1.ljcdn.com/x-se/hdic-frame/standard_4decc766-baef-4743-bd83-b54357c17ac9.png.710x400.jpg','https://image1.ljcdn.com/110000-inspection/pc0_ZSEzdskBu_1.jpg.710x400.jpg','https://image1.ljcdn.com/110000-inspection/pc0_gwFVQxRx1_1.jpg.710x400.jpg'),
(10028,'https://image1.ljcdn.com/110000-inspection/pc1_MAWgAf1w8_1.jpg.710x400.jpg','https://image1.ljcdn.com/110000-inspection/apc_16QGFADjk_1.jpg.710x400.jpg','https://image1.ljcdn.com/110000-inspection/apc_xOCaxWBU9_1.jpg.710x400.jpg','https://image1.ljcdn.com/x-se/hdic-frame/standard_4035165e-66df-4a1d-aac1-c07a5e440c75.png.710x400.jpg','https://image1.ljcdn.com/110000-inspection/apc_blj42xGdS_1.jpg.710x400.jpg'),
(10029,'https://image1.ljcdn.com/110000-inspection/apc_Viu0Ulbtg_1.jpg.710x400.jpg','https://image1.ljcdn.com/110000-inspection/apc_GIgTcnipk_1.jpg.710x400.jpg','https://image1.ljcdn.com/x-se/hdic-frame/standard_f7e588e3-6552-4a08-a46f-dd83f0df3b6b.png.710x400.jpg','https://image1.ljcdn.com/110000-inspection/apc_k6TUYHCGF_1.jpg.710x400.jpg','https://image1.ljcdn.com/110000-inspection/apc_QP5cmv37O_1.jpg.710x400.jpg'),
(10030,'https://image1.ljcdn.com/110000-inspection/pc1_ReECMxZqm_1.jpg.710x400.jpg','https://image1.ljcdn.com/110000-inspection/apc_ujmV2oEgR_1.jpg.710x400.jpg','https://image1.ljcdn.com/110000-inspection/pc0_I4YXi5I50_1.jpg.710x400.jpg','https://image1.ljcdn.com/x-se/hdic-frame/standard_adf38ef5-4394-4fd8-98d3-d7777abd0908.png.710x400.jpg','https://image1.ljcdn.com/110000-inspection/pc0_lORoKnGZm_1.jpg.710x400.jpg'),
(10031,'https://image1.ljcdn.com/110000-inspection/pc1_pf84K7zp6_1.jpg.710x400.jpg','https://image1.ljcdn.com/110000-inspection/apc_NOk3ed5wP_1.jpg.710x400.jpg','https://image1.ljcdn.com/110000-inspection/apc_yU3jIOWBp_1.jpg.710x400.jpg','https://image1.ljcdn.com/x-se/hdic-frame/standard_a6c97155-97df-4810-84cf-053b03fade62.png.710x400.jpg','https://image1.ljcdn.com/110000-inspection/apc_fXpN0nuZH_1.jpg.710x400.jpg'),
(10032,'https://image1.ljcdn.com/110000-inspection/pc1_zx40UyxUJ_1.jpg.710x400.jpg','https://image1.ljcdn.com/110000-inspection/pc0_pN6vL6fpM_1.jpg.710x400.jpg','https://image1.ljcdn.com/110000-inspection/pc0_lus0oksQu_1.jpg.710x400.jpg','https://image1.ljcdn.com/x-se/hdic-frame/standard_0fe9825d-8356-4e45-9ddf-70a832361530.png.710x400.jpg','https://image1.ljcdn.com/110000-inspection/apc_B510aP33A_1.jpg.710x400.jpg'),
(10033,'https://image1.ljcdn.com/110000-inspection/pc0_857ej2vFO_1.jpg.710x400.jpg','https://image1.ljcdn.com/110000-inspection/pc0_2jzrgXfcQ_1.jpg.710x400.jpg','https://image1.ljcdn.com/x-se/hdic-frame/standard_44ac1a93-70a3-4252-a35d-bd80f81f7863.png.710x400.jpg','https://image1.ljcdn.com/110000-inspection/pc0_3IEfV1uRM_2.jpg.710x400.jpg','https://image1.ljcdn.com/110000-inspection/pc0_7i8SLwd8u_2.jpg.710x400.jpg'),
(10034,'https://image1.ljcdn.com/110000-inspection/pc1_HxvQgYKfm_1.jpg.710x400.jpg','https://image1.ljcdn.com/110000-inspection/apc_sA6uyTXQq_1.jpg.710x400.jpg','https://image1.ljcdn.com/110000-inspection/apc_gLBeR65K0_1.jpg.710x400.jpg','https://image1.ljcdn.com/x-se/hdic-frame/standard_82fa64d7-15c9-4590-b2f0-eed8e08cc507.png.710x400.jpg','https://image1.ljcdn.com/110000-inspection/apc_Wd52rTn97_1.jpg.710x400.jpg'),
(10035,'https://image1.ljcdn.com/110000-inspection/pc1_ERko5nOOy_1.jpg.710x400.jpg','https://image1.ljcdn.com/110000-inspection/pc0_CHehTNDT3_1.jpg.710x400.jpg','https://image1.ljcdn.com/110000-inspection/apc_fBsrffLnA_1.jpg.710x400.jpg','https://image1.ljcdn.com/x-se/hdic-frame/standard_35790fb3-c8d5-490c-8311-3a612e1a5181.png.710x400.jpg','https://image1.ljcdn.com/110000-inspection/pc0_8QLuDAVXQ_1.jpg.710x400.jpg'),
(10036,'https://image1.ljcdn.com/110000-inspection/pc1_6juyFzpEt_1.jpg.710x400.jpg','https://image1.ljcdn.com/110000-inspection/pc0_fBmQfLy8F_1.jpg.710x400.jpg','https://image1.ljcdn.com/110000-inspection/pc0_oHnKTL4aY_1.jpg.710x400.jpg','https://image1.ljcdn.com/x-se/hdic-frame/standard_21f384b6-0f37-4e17-91e1-0615a4daba28.png.710x400.jpg','https://image1.ljcdn.com/110000-inspection/pc0_YWJvz3fgt_1.jpg.710x400.jpg'),
(10037,'https://image1.ljcdn.com/110000-inspection/pc1_C37fjAmmO_1.jpg.710x400.jpg','https://image1.ljcdn.com/110000-inspection/pc0_GuzrFZExu_1.jpg.710x400.jpg','https://image1.ljcdn.com/110000-inspection/apc_UCOXnUWzo_1.jpg.710x400.jpg','https://image1.ljcdn.com/x-se/hdic-frame/standard_323e914e-9f44-4373-aa98-1285288a12c0.png.710x400.jpg','https://image1.ljcdn.com/110000-inspection/pc0_L604enjRW_1.jpg.710x400.jpg'),
(10038,'https://image1.ljcdn.com/110000-inspection/pc0_lbr0s3G8n.jpg.710x400.jpg','https://image1.ljcdn.com/110000-inspection/pc0_bYx5BbaSn.jpg.710x400.jpg','https://image1.ljcdn.com/x-se/hdic-frame/standard_57c0c0f1-362a-4cad-a1a3-bca83f042547.png.710x400.jpg','https://image1.ljcdn.com/110000-inspection/pc0_9WScXDJry.jpg.710x400.jpg','https://image1.ljcdn.com/110000-inspection/pc0_59LtFXx3d.jpg.710x400.jpg'),
(10039,'https://image1.ljcdn.com/110000-inspection/pc1_SPEBIYXXs_1.jpg.710x400.jpg','https://image1.ljcdn.com/110000-inspection/pc0_TN22ikiU7_1.jpg.710x400.jpg','https://image1.ljcdn.com/110000-inspection/pc0_BLB0feWyF_1.jpg.710x400.jpg','https://image1.ljcdn.com/x-se/hdic-frame/standard_48798de2-1547-404b-9545-7b50029b2d2a.png.710x400.jpg','https://image1.ljcdn.com/110000-inspection/pc0_bEwOw1IP8_1.jpg.710x400.jpg'),
(10040,'https://image1.ljcdn.com/110000-inspection/pc1_qPRh7sHUg_1.jpg.710x400.jpg','https://image1.ljcdn.com/110000-inspection/apc_tVl9fNB8i_1.jpg.710x400.jpg','https://image1.ljcdn.com/110000-inspection/pc0_FFBlbyfGN_1.jpg.710x400.jpg','https://image1.ljcdn.com/x-se/hdic-frame/standard_7a80eb53-ea73-43c5-9156-cd546fc3ad09.png.710x400.jpg','https://image1.ljcdn.com/110000-inspection/pc0_f1gAcBWNl_1.jpg.710x400.jpg'),
(10041,'https://image1.ljcdn.com/110000-inspection/pc1_pfxLLQ9MK_1.jpg.710x400.jpg','https://image1.ljcdn.com/110000-inspection/pc0_D24dGw42b_1.jpg.710x400.jpg','https://image1.ljcdn.com/110000-inspection/pc0_PcPSZ1wh2_1.jpg.710x400.jpg','https://image1.ljcdn.com/x-se/hdic-frame/standard_75f3107b-8bda-463f-959f-7bdc70a4b069.png.710x400.jpg','https://image1.ljcdn.com/110000-inspection/pc0_EfBG4wblO_1.jpg.710x400.jpg'),
(10042,'https://image1.ljcdn.com/110000-inspection/pc1_HpLrvGYNU_1.jpg.710x400.jpg','https://image1.ljcdn.com/110000-inspection/apc_Cr2TZcIyr_1.jpg.710x400.jpg','https://image1.ljcdn.com/110000-inspection/apc_d3HjkbgdF_1.jpg.710x400.jpg','https://image1.ljcdn.com/x-se/hdic-frame/standard_c7884fcb-b55d-4b1c-b327-3083e25711d2.png.710x400.jpg','https://image1.ljcdn.com/110000-inspection/pc0_Du431AxFP_1.jpg.710x400.jpg'),
(10043,'https://image1.ljcdn.com/110000-inspection/pc1_d2IueU3WG_1.jpg.710x400.jpg','https://image1.ljcdn.com/110000-inspection/apc_pNz0ozJKu_1.jpg.710x400.jpg','https://image1.ljcdn.com/110000-inspection/pc0_9vwC6LkSM_1.jpg.710x400.jpg','https://image1.ljcdn.com/x-se/hdic-frame/standard_c5da1a5e-7d41-4c61-9e96-fcc65e3627ec.png.710x400.jpg','https://image1.ljcdn.com/110000-inspection/pc0_1S4WOkEke_1.jpg.710x400.jpg'),
(10044,'https://image1.ljcdn.com/110000-inspection/pc1_48bfQwInd_1.jpg.710x400.jpg','https://image1.ljcdn.com/110000-inspection/pc0_v5RavT1ZF_1.jpg.710x400.jpg','https://image1.ljcdn.com/110000-inspection/apc_8YwWLVtB5_1.jpg.710x400.jpg','https://image1.ljcdn.com/x-se/hdic-frame/standard_d76f361c-53fc-4aff-b49b-fff38a4a28bb.png.710x400.jpg','https://image1.ljcdn.com/110000-inspection/apc_InQyK2onp_1.jpg.710x400.jpg'),
(10045,'https://image1.ljcdn.com/110000-inspection/apc_IRfqMhhH3_1.jpg.710x400.jpg','https://image1.ljcdn.com/110000-inspection/apc_H6yc0h6kT_1.jpg.710x400.jpg','https://image1.ljcdn.com/x-se/hdic-frame/standard_5d9757c3-b74d-4dcc-99a3-e7c988fb1740.png.710x400.jpg','https://image1.ljcdn.com/110000-inspection/apc_12YsAlsYP_1.jpg.710x400.jpg','https://image1.ljcdn.com/110000-inspection/apc_uwWUmVbei_1.jpg.710x400.jpg'),
(10046,'https://image1.ljcdn.com/110000-inspection/pc0_yt4D7eIjJ_1.jpg.710x400.jpg','https://image1.ljcdn.com/110000-inspection/pc0_YX1pCOnYp_1.jpg.710x400.jpg','https://image1.ljcdn.com/x-se/hdic-frame/standard_0e722ad8-07b6-4452-a7e2-71858b4d294c.png.710x400.jpg','https://image1.ljcdn.com/110000-inspection/pc0_LAhQQjOgI_1.jpg.710x400.jpg','https://image1.ljcdn.com/110000-inspection/pc0_ioUNlLDbo_1.jpg.710x400.jpg'),
(10047,'https://image1.ljcdn.com/110000-inspection/pc1_0EzCejFo8_1.jpg.710x400.jpg','https://image1.ljcdn.com/110000-inspection/apc_SUt6nkhaI_1.jpg.710x400.jpg','https://image1.ljcdn.com/110000-inspection/apc_mmiA7XQVO_1.jpg.710x400.jpg','https://image1.ljcdn.com/x-se/hdic-frame/standard_3b57a86c-bfd8-4e0d-a70a-c59fc8a4dabe.png.710x400.jpg','https://image1.ljcdn.com/110000-inspection/pc0_fh105lbU1_1.jpg.710x400.jpg'),
(10048,'https://image1.ljcdn.com/360100-inspection/prod-fc422651-957e-460b-b11f-51f60abc9a0e.jpg.710x400.jpg','https://image1.ljcdn.com/360100-inspection/prod-2710dee8-bf29-4e0e-ab32-549d9141dcfc.jpg.710x400.jpg','https://image1.ljcdn.com/360100-inspection/prod-dae713ac-446f-482b-b054-96e557dbfc99.jpg.710x400.jpg','https://image1.ljcdn.com/x-se/hdic-frame/prod-ddf94c5a-11cf-4a00-92c9-6b0f1a778d74.png.710x400.jpg','https://image1.ljcdn.com/360100-inspection/prod-78bae252-1a92-4392-b594-e54bb48b7663.jpg.710x400.jpg'),
(10049,'https://image1.ljcdn.com/110000-inspection/pc1_yVcXKUbed_1.jpg.710x400.jpg','https://image1.ljcdn.com/110000-inspection/apc_E98sQnOsJ_1.jpg.710x400.jpg','https://image1.ljcdn.com/110000-inspection/apc_mYuSswu7v_1.jpg.710x400.jpg','https://image1.ljcdn.com/x-se/hdic-frame/standard_fd033a84-8a10-4118-a78a-51a7164326da.png.710x400.jpg','https://image1.ljcdn.com/110000-inspection/apc_XlVKLxMs4_1.jpg.710x400.jpg'),
(10050,'https://image1.ljcdn.com/110000-inspection/pc1_w9hY1EHz9_1.jpg.710x400.jpg','https://image1.ljcdn.com/110000-inspection/apc_cDE78kryf_1.jpg.710x400.jpg','https://image1.ljcdn.com/110000-inspection/pc0_uA3KvbZ3R_1.jpg.710x400.jpg','https://image1.ljcdn.com/x-se/hdic-frame/standard_967edef6-e0a3-4118-8948-30386d17ed58.png.710x400.jpg','https://image1.ljcdn.com/110000-inspection/pc0_ixlmHKBN8_1.jpg.710x400.jpg'),
(10051,'https://image1.ljcdn.com/110000-inspection/pc1_LCZ1GZzqO_1.jpg.710x400.jpg','https://image1.ljcdn.com/110000-inspection/apc_UnoSPWCy9_1.jpg.710x400.jpg','https://image1.ljcdn.com/110000-inspection/apc_fZiw33Vp9_1.jpg.710x400.jpg','https://image1.ljcdn.com/x-se/hdic-frame/standard_818b620c-b361-4762-9d59-be254a18d720.png.710x400.jpg','https://image1.ljcdn.com/110000-inspection/apc_DGQTj9zZw_1.jpg.710x400.jpg'),
(10052,'https://image1.ljcdn.com/110000-inspection/pc1_bqqUjfPkQ_1.jpg.710x400.jpg','https://image1.ljcdn.com/110000-inspection/apc_iaE2QHnbB_1.jpg.710x400.jpg','https://image1.ljcdn.com/110000-inspection/apc_OC6nylOoe_1.jpg.710x400.jpg','https://image1.ljcdn.com/x-se/hdic-frame/standard_6de03a05-fa29-45cd-bf4e-7c00dcf6226a.png.710x400.jpg','https://image1.ljcdn.com/110000-inspection/apc_rkXU9axJa_1.jpg.710x400.jpg'),
(10053,'https://image1.ljcdn.com/110000-inspection/pc1_ELLCgQPZX_1.jpg.710x400.jpg','https://image1.ljcdn.com/110000-inspection/pc0_d6LpwErhC_1.jpg.710x400.jpg','https://image1.ljcdn.com/110000-inspection/apc_cGSJc27as_1.jpg.710x400.jpg','https://image1.ljcdn.com/x-se/hdic-frame/standard_f6df8639-00f2-46e2-84de-410f7ad05cf5.png.710x400.jpg','https://image1.ljcdn.com/110000-inspection/apc_7WvQBCUWL_1.jpg.710x400.jpg'),
(10054,'https://image1.ljcdn.com/110000-inspection/pc1_qbtS8o1hd_1.jpg.710x400.jpg','https://image1.ljcdn.com/110000-inspection/pc0_gCPCEQ6BH_1.jpg.710x400.jpg','https://image1.ljcdn.com/110000-inspection/apc_5fgNtw3vY_1.jpg.710x400.jpg','https://image1.ljcdn.com/x-se/hdic-frame/standard_81ee6217-8dde-41a2-809a-66ceb41b32f9.png.710x400.jpg','https://image1.ljcdn.com/110000-inspection/pc0_j6IG1bsz7_1.jpg.710x400.jpg'),
(10055,'https://image1.ljcdn.com/110000-inspection/pc1_rZQ5jmExY_1.jpg.710x400.jpg','https://image1.ljcdn.com/110000-inspection/pc0_hTK8CO8up_1.jpg.710x400.jpg','https://image1.ljcdn.com/110000-inspection/pc0_jtj5SHCmC_1.jpg.710x400.jpg','https://image1.ljcdn.com/x-se/hdic-frame/standard_770872e9-6101-470b-b8c2-b769415e133a.png.710x400.jpg','https://image1.ljcdn.com/110000-inspection/pc0_wymuQscDg_1.jpg.710x400.jpg'),
(10056,'https://image1.ljcdn.com/110000-inspection/pc0_mmo0uzWnh_1.jpg.710x400.jpg','https://image1.ljcdn.com/110000-inspection/pc0_TqKbqFyM2_1.jpg.710x400.jpg','https://image1.ljcdn.com/x-se/hdic-frame/standard_4e4435be-f00e-4c78-b61e-e57dfea55728.png.710x400.jpg','https://image1.ljcdn.com/110000-inspection/apc_8u4sOAuky_1.jpg.710x400.jpg','https://image1.ljcdn.com/110000-inspection/pc0_nCVvrrSjw_1.jpg.710x400.jpg'),
(10057,'https://image1.ljcdn.com/110000-inspection/pc1_4zCrFMVuC_1.jpg.710x400.jpg','https://image1.ljcdn.com/110000-inspection/pc0_2c9cySHFS_1.jpg.710x400.jpg','https://image1.ljcdn.com/110000-inspection/apc_d2Q03x9QY_1.jpg.710x400.jpg','https://image1.ljcdn.com/x-se/hdic-frame/standard_6ce7f65c-f787-49c9-9521-ab058265d3e5.png.710x400.jpg','https://image1.ljcdn.com/110000-inspection/pc0_xYExo7EP3_1.jpg.710x400.jpg'),
(10058,'https://image1.ljcdn.com/110000-inspection/pc1_TfalF06wR_1.jpg.710x400.jpg','https://image1.ljcdn.com/110000-inspection/apc_mZJOWTIWP_1.jpg.710x400.jpg','https://image1.ljcdn.com/110000-inspection/pc0_IkLzAL77s_1.jpg.710x400.jpg','https://image1.ljcdn.com/x-se/hdic-frame/standard_5cfbc237-7693-4a99-a7c0-30f5551d4412.png.710x400.jpg','https://image1.ljcdn.com/110000-inspection/apc_21OKWJvNU_1.jpg.710x400.jpg'),
(10059,'https://image1.ljcdn.com/110000-inspection/pc1_in1k20fT9_1.jpg.710x400.jpg','https://image1.ljcdn.com/110000-inspection/pc0_3aKUa6fCm_1.jpg.710x400.jpg','https://image1.ljcdn.com/110000-inspection/pc0_KUqu3fpLG_1.jpg.710x400.jpg','https://image1.ljcdn.com/x-se/hdic-frame/standard_f9ceeaf4-1f7a-47e6-a9a4-f6071fbe318a.png.710x400.jpg','https://image1.ljcdn.com/110000-inspection/pc0_h1V4NBNYJ_1.jpg.710x400.jpg'),
(10060,'https://image1.ljcdn.com/110000-inspection/pc1_EhSnDiSHo_1.jpg.710x400.jpg','https://image1.ljcdn.com/110000-inspection/apc_LuxqG1YB7_1.jpg.710x400.jpg','https://image1.ljcdn.com/110000-inspection/apc_E5ikytfD4_1.jpg.710x400.jpg','https://image1.ljcdn.com/x-se/hdic-frame/standard_e3144e0f-1089-4cd0-a301-aa9bedec5e12.png.710x400.jpg','https://image1.ljcdn.com/110000-inspection/pc0_fTUna5MCx_1.jpg.710x400.jpg'),
(10061,'https://image1.ljcdn.com/110000-inspection/pc1_MGJgo1Sof_1.jpg.710x400.jpg','https://image1.ljcdn.com/110000-inspection/pc0_3gVakHeWw_1.jpg.710x400.jpg','https://image1.ljcdn.com/110000-inspection/apc_Fgdy3NiCS_1.jpg.710x400.jpg','https://image1.ljcdn.com/x-se/hdic-frame/standard_3a997134-a634-41a6-95e7-b8174e2bc279.png.710x400.jpg','https://image1.ljcdn.com/110000-inspection/pc0_s9o650i7n_1.jpg.710x400.jpg'),
(10062,'https://image1.ljcdn.com/110000-inspection/pc1_xilRTBnKi_1.jpg.710x400.jpg','https://image1.ljcdn.com/110000-inspection/pc0_YN2jyT374_1.jpg.710x400.jpg','https://image1.ljcdn.com/110000-inspection/pc0_NcKC9VKPH_1.jpg.710x400.jpg','https://image1.ljcdn.com/x-se/hdic-frame/standard_3e3777cc-16d6-4ffb-8697-d23e2dd38d42.png.710x400.jpg','https://image1.ljcdn.com/110000-inspection/pc0_7oMInCEsI_1.jpg.710x400.jpg'),
(10063,'https://image1.ljcdn.com/110000-inspection/pc1_nFFCLaTrh_1.jpg.710x400.jpg','https://image1.ljcdn.com/110000-inspection/a1668020-487b-4670-876c-bd283a0c976c_1000.jpg.710x400.jpg','https://image1.ljcdn.com/110000-inspection/pc0_3QLiyBujf_1.jpg.710x400.jpg','https://image1.ljcdn.com/x-se/hdic-frame/standard_e0a94ffb-a7ba-4209-a1d1-97ef437ef970.png.710x400.jpg','https://image1.ljcdn.com/110000-inspection/pc0_kq3LqRhoa_1.jpg.710x400.jpg'),
(10064,'https://image1.ljcdn.com/110000-inspection/pc1_GIfwHLlCR_1.jpg.710x400.jpg','https://image1.ljcdn.com/110000-inspection/pc0_ux8BNvatl_1.jpg.710x400.jpg','https://image1.ljcdn.com/110000-inspection/pc0_g4FydmFdG_1.jpg.710x400.jpg','https://image1.ljcdn.com/x-se/hdic-frame/standard_da859622-c63d-4b7e-9715-142d9bd8f221.png.710x400.jpg','https://image1.ljcdn.com/110000-inspection/pc0_EPHn7TG0q_1.jpg.710x400.jpg'),
(10065,'https://image1.ljcdn.com/110000-inspection/pc1_VG9MnLiyG_1.jpg.710x400.jpg','https://image1.ljcdn.com/110000-inspection/apc_lG8F0xR7U_1.jpg.710x400.jpg','https://image1.ljcdn.com/110000-inspection/apc_PjkKlWEDq_1.jpg.710x400.jpg','https://image1.ljcdn.com/x-se/hdic-frame/standard_b402f244-e1db-4adf-8e35-5434ee977e84.png.710x400.jpg','https://image1.ljcdn.com/110000-inspection/apc_rYUHZcoM5_1.jpg.710x400.jpg'),
(10066,'https://image1.ljcdn.com/110000-inspection/pc1_pDnHrDaio_1.jpg.710x400.jpg','https://image1.ljcdn.com/110000-inspection/apc_9Bg9VgAZ6_1.jpg.710x400.jpg','https://image1.ljcdn.com/110000-inspection/pc0_AWcHgKOx2_1.jpg.710x400.jpg','https://image1.ljcdn.com/x-se/hdic-frame/standard_795ba739-0953-4f36-a97f-dfdd65b1f96a.png.710x400.jpg','https://image1.ljcdn.com/110000-inspection/pc0_mG1feEu3a_1.jpg.710x400.jpg'),
(10067,'https://image1.ljcdn.com/110000-inspection/pc1_9Ao9QJPfx.jpg.710x400.jpg','https://image1.ljcdn.com/110000-inspection/apc_PPhiikWQH_1.jpg.710x400.jpg','https://image1.ljcdn.com/110000-inspection/apc_Bsbnkou48_1.jpg.710x400.jpg','https://image1.ljcdn.com/x-se/hdic-frame/standard_662b6e61-d3bd-4434-a368-6fbb839338a0.png.710x400.jpg','https://image1.ljcdn.com/110000-inspection/apc_lwxraSlY3_1.jpg.710x400.jpg'),
(10068,'https://image1.ljcdn.com/110000-inspection/apc_JGQgJj66H_1.jpg.710x400.jpg','https://image1.ljcdn.com/110000-inspection/pc0_RsycOviDu_1.jpg.710x400.jpg','https://image1.ljcdn.com/x-se/hdic-frame/standard_12e24209-d934-4a2c-af14-8dc2dcbe4929.png.710x400.jpg','https://image1.ljcdn.com/110000-inspection/pc0_YNIwF4nHe_1.jpg.710x400.jpg','https://image1.ljcdn.com/110000-inspection/pc0_MRmbUjbmJ_1.jpg.710x400.jpg'),
(10069,'https://image1.ljcdn.com/110000-inspection/pc1_LHjUnYWXB_1.jpg.710x400.jpg','https://image1.ljcdn.com/110000-inspection/pc0_IdDfokPP7_1.jpg.710x400.jpg','https://image1.ljcdn.com/110000-inspection/pc0_b3semVpwR_1.jpg.710x400.jpg','https://image1.ljcdn.com/x-se/hdic-frame/standard_9ecc58b4-ce85-4176-97a6-067029b24430.png.710x400.jpg','https://image1.ljcdn.com/110000-inspection/pc0_HRUDNnyZq_1.jpg.710x400.jpg'),
(10070,'https://image1.ljcdn.com/110000-inspection/pc1_AAwAv3x2x_1.jpg.710x400.jpg','https://image1.ljcdn.com/110000-inspection/apc_zdccFrV4b_1.jpg.710x400.jpg','https://image1.ljcdn.com/110000-inspection/apc_xW47deUQM_1.jpg.710x400.jpg','https://image1.ljcdn.com/x-se/hdic-frame/standard_fa6d4e3e-617c-4eb4-828d-23611b217338.png.710x400.jpg','https://image1.ljcdn.com/110000-inspection/apc_KmbOJLpy4_1.jpg.710x400.jpg'),
(10071,'https://image1.ljcdn.com/110000-inspection/pc1_Z3GYqTVxJ_1.jpg.710x400.jpg','https://image1.ljcdn.com/110000-inspection/apc_sVImdZIGo_1.jpg.710x400.jpg','https://image1.ljcdn.com/110000-inspection/pc0_D8Q1w9q4e_1.jpg.710x400.jpg','https://image1.ljcdn.com/x-se/hdic-frame/standard_7e3fbc84-5d6e-44da-a568-d251491607fe.png.710x400.jpg','https://image1.ljcdn.com/110000-inspection/pc0_aRu6nF4wy_1.jpg.710x400.jpg'),
(10072,'https://image1.ljcdn.com/110000-inspection/pc1_g4RAYlAjR_1.jpg.710x400.jpg','https://image1.ljcdn.com/110000-inspection/pc0_5xpttYoTL_1.jpg.710x400.jpg','https://image1.ljcdn.com/110000-inspection/pc0_jz59dcuIK_1.jpg.710x400.jpg','https://image1.ljcdn.com/x-se/hdic-frame/standard_21044ffa-1ab3-42dc-a8bc-0ce68e9e93ad.png.710x400.jpg','https://image1.ljcdn.com/110000-inspection/pc0_ZV8KmXX9h_1.jpg.710x400.jpg'),
(10073,'https://image1.ljcdn.com/110000-inspection/pc1_nGao59Mrc_1.jpg.710x400.jpg','https://image1.ljcdn.com/110000-inspection/pc0_GaZ5KwUag_1.jpg.710x400.jpg','https://image1.ljcdn.com/110000-inspection/apc_U8bjq62Yf_1.jpg.710x400.jpg','https://image1.ljcdn.com/x-se/hdic-frame/standard_120e0b29-5c8b-42c3-9c37-c256bf45209a.png.710x400.jpg','https://image1.ljcdn.com/110000-inspection/apc_RUT5pHIvR_1.jpg.710x400.jpg'),
(10074,'https://image1.ljcdn.com/110000-inspection/pc1_vSfpe5Dx8_1.jpg.710x400.jpg','https://image1.ljcdn.com/110000-inspection/apc_P2H4wMPr2_1.jpg.710x400.jpg','https://image1.ljcdn.com/110000-inspection/pc0_4T2JSfzCU_1.jpg.710x400.jpg','https://image1.ljcdn.com/x-se/hdic-frame/standard_ea7f557d-0898-455c-938a-25b31c610312.png.710x400.jpg','https://image1.ljcdn.com/110000-inspection/apc_ayTOzDgRn_1.jpg.710x400.jpg'),
(10075,'https://image1.ljcdn.com/110000-inspection/pc1_cPeloqk3B_1.jpg.710x400.jpg','https://image1.ljcdn.com/110000-inspection/pc0_x1zYeiW30_1.jpg.710x400.jpg','https://image1.ljcdn.com/110000-inspection/pc0_ByFqerIrH_1.jpg.710x400.jpg','https://image1.ljcdn.com/x-se/hdic-frame/standard_9c3943f3-1c62-4152-a062-c4d7d3b1d75c.png.710x400.jpg','https://image1.ljcdn.com/110000-inspection/pc0_Eh5cMj7BT_1.jpg.710x400.jpg'),
(10076,'https://image1.ljcdn.com/110000-inspection/pc1_pqxYiZ0LH_1.jpg.710x400.jpg','https://image1.ljcdn.com/110000-inspection/pc0_lRcn3vAK7_1.jpg.710x400.jpg','https://image1.ljcdn.com/110000-inspection/pc0_AKZFZeizO_1.jpg.710x400.jpg','https://image1.ljcdn.com/x-se/hdic-frame/standard_39ac9ea6-422a-4639-9b8b-9f6dcd6d090e.png.710x400.jpg','https://image1.ljcdn.com/110000-inspection/pc0_a5jT6dPXO_1.jpg.710x400.jpg'),
(10077,'https://image1.ljcdn.com/110000-inspection/pc1_QsozojZGj_1.jpg.710x400.jpg','https://image1.ljcdn.com/110000-inspection/apc_01a7kcz35_1.jpg.710x400.jpg','https://image1.ljcdn.com/110000-inspection/pc0_rfbE6swHJ_1.jpg.710x400.jpg','https://image1.ljcdn.com/x-se/hdic-frame/standard_36b41091-eeb5-41d0-9b19-86fa85b694d2.png.710x400.jpg','https://image1.ljcdn.com/110000-inspection/pc0_aJ1PyQBGr_1.jpg.710x400.jpg'),
(10078,'https://image1.ljcdn.com/110000-inspection/pc0_DM63iFZbh_1.jpg.710x400.jpg','https://image1.ljcdn.com/110000-inspection/apc_oaA26TRMA_1.jpg.710x400.jpg','https://image1.ljcdn.com/x-se/hdic-frame/standard_3464824c-fb82-45ca-abc9-d64e54e9d3a8.png.710x400.jpg','https://image1.ljcdn.com/110000-inspection/pc0_1AIBADzGU_1.jpg.710x400.jpg','https://image1.ljcdn.com/110000-inspection/apc_SYRAAxujG_1.jpg.710x400.jpg'),
(10079,'https://image1.ljcdn.com/110000-inspection/pc0_V1stI1tqT_1.jpg.710x400.jpg','https://image1.ljcdn.com/110000-inspection/apc_OxTm8bQJz_1.jpg.710x400.jpg','https://image1.ljcdn.com/x-se/hdic-frame/standard_29f8ab3e-1467-4187-8a1d-b7c0e3970ca0.png.710x400.jpg','https://image1.ljcdn.com/110000-inspection/pc0_RbfiiagMa_1.jpg.710x400.jpg','https://image1.ljcdn.com/110000-inspection/apc_tZeUfvHda_1.jpg.710x400.jpg'),
(10080,'https://image1.ljcdn.com/110000-inspection/pc1_0Kwbzo6Vb_1.jpg.710x400.jpg','https://image1.ljcdn.com/110000-inspection/pc0_4XfBgrLVr_1.jpg.710x400.jpg','https://image1.ljcdn.com/110000-inspection/apc_EGfKa5FFX_1.jpg.710x400.jpg','https://image1.ljcdn.com/x-se/hdic-frame/standard_023077f4-05fe-4aff-8b00-27f3fa459627.png.710x400.jpg','https://image1.ljcdn.com/110000-inspection/pc0_g7ETsUIMs_1.jpg.710x400.jpg'),
(10081,'https://image1.ljcdn.com/110000-inspection/pc1_U6bYdJ0Oa_1.jpg.710x400.jpg','https://image1.ljcdn.com/110000-inspection/apc_0Quw75FL3_1.jpg.710x400.jpg','https://image1.ljcdn.com/110000-inspection/apc_kPxoSL16Q_1.jpg.710x400.jpg','https://image1.ljcdn.com/x-se/hdic-frame/standard_4f646392-f0f8-4601-a62b-63a335bebd6a.png.710x400.jpg','https://image1.ljcdn.com/110000-inspection/apc_E7CZnhL6g_1.jpg.710x400.jpg'),
(10082,'https://image1.ljcdn.com/110000-inspection/pc1_a8n0kfvzK_1.jpg.710x400.jpg','https://image1.ljcdn.com/110000-inspection/apc_OJPQYpO4M_1.jpg.710x400.jpg','https://image1.ljcdn.com/110000-inspection/pc0_KaUpeRifi_1.jpg.710x400.jpg','https://image1.ljcdn.com/x-se/hdic-frame/standard_8479ce4b-4f1f-4db4-ac78-4ea4ef0fa8e9.png.710x400.jpg','https://image1.ljcdn.com/110000-inspection/pc0_Qb4WH6Q5o_1.jpg.710x400.jpg'),
(10083,'https://image1.ljcdn.com/110000-inspection/pc1_ULcAG01TN_1.jpg.710x400.jpg','https://image1.ljcdn.com/110000-inspection/pc0_KTG7aNb1B_1.jpg.710x400.jpg','https://image1.ljcdn.com/110000-inspection/pc0_0eFxtXuBs_1.jpg.710x400.jpg','https://image1.ljcdn.com/x-se/hdic-frame/standard_c236ba5a-c081-4107-9f57-30fbd30232db.png.710x400.jpg','https://image1.ljcdn.com/110000-inspection/pc0_vng7D56S6_1.jpg.710x400.jpg'),
(10084,'https://image1.ljcdn.com/110000-inspection/pc1_zPsLawPvP_1.jpg.710x400.jpg','https://image1.ljcdn.com/110000-inspection/pc0_jcVJzbuML_1.jpg.710x400.jpg','https://image1.ljcdn.com/110000-inspection/apc_MywVwbE08_1.jpg.710x400.jpg','https://image1.ljcdn.com/x-se/hdic-frame/standard_be8d6aaa-5053-40ca-aeec-cdd0400f7f23.png.710x400.jpg','https://image1.ljcdn.com/110000-inspection/pc0_SXKisVawM_1.jpg.710x400.jpg'),
(10085,'https://image1.ljcdn.com/110000-inspection/pc0_2yl2D2cUJ.jpg.710x400.jpg','https://image1.ljcdn.com/110000-inspection/pc0_qJ8KpwHuq.jpg.710x400.jpg','https://image1.ljcdn.com/x-se/hdic-frame/standard_8c6806c5-694e-4e47-b625-83d77b0588a3.png.710x400.jpg','https://image1.ljcdn.com/110000-inspection/pc0_ratMsqLzg.jpg.710x400.jpg','https://image1.ljcdn.com/110000-inspection/pc0_TWoBGD49r.jpg.710x400.jpg'),
(10086,'https://image1.ljcdn.com/110000-inspection/apc_Q76uScXrS_1.jpg.710x400.jpg','https://image1.ljcdn.com/110000-inspection/apc_DdpJbIf1i_1.jpg.710x400.jpg','https://image1.ljcdn.com/x-se/hdic-frame/standard_c54c9c0d-60ab-43f5-a1a3-01548fdec8f6.png.710x400.jpg','https://image1.ljcdn.com/110000-inspection/apc_T7WT8j3Ee_1.jpg.710x400.jpg','https://image1.ljcdn.com/110000-inspection/apc_0zaWf2RkP_1.jpg.710x400.jpg'),
(10087,'https://image1.ljcdn.com/110000-inspection/pc1_zxcqA8bod_1.jpg.710x400.jpg','https://image1.ljcdn.com/110000-inspection/apc_UaDnQkcx8_1.jpg.710x400.jpg','https://image1.ljcdn.com/110000-inspection/pc0_VzeawVUYN_1.jpg.710x400.jpg','https://image1.ljcdn.com/x-se/hdic-frame/standard_1de0c747-36fd-4e99-8b9c-bc538a5085f1.png.710x400.jpg','https://image1.ljcdn.com/110000-inspection/apc_HER6xjKaU_1.jpg.710x400.jpg'),
(10088,'https://image1.ljcdn.com/110000-inspection/pc1_0Q49GlbKN_1.jpg.710x400.jpg','https://image1.ljcdn.com/110000-inspection/apc_mM0RJziSl_1.jpg.710x400.jpg','https://image1.ljcdn.com/110000-inspection/apc_O5ddzoMFI_1.jpg.710x400.jpg','https://image1.ljcdn.com/x-se/hdic-frame/standard_3d504607-6b88-4044-9b92-4b4b4c9f64d6.png.710x400.jpg','https://image1.ljcdn.com/110000-inspection/pc0_zeS96nAjC_1.jpg.710x400.jpg'),
(10089,'https://image1.ljcdn.com/110000-inspection/pc1_b56tf21FU_1.jpg.710x400.jpg','https://image1.ljcdn.com/110000-inspection/pc0_yR75vjDVU_1.jpg.710x400.jpg','https://image1.ljcdn.com/110000-inspection/apc_nvBWAq5IA_1.jpg.710x400.jpg','https://image1.ljcdn.com/x-se/hdic-frame/standard_a320788c-c611-4277-a520-b94978826169.png.710x400.jpg','https://image1.ljcdn.com/110000-inspection/apc_3sFvLQ3RU_1.jpg.710x400.jpg'),
(10090,'https://image1.ljcdn.com/110000-inspection/pc1_StP41tYpj_1.jpg.710x400.jpg','https://image1.ljcdn.com/110000-inspection/apc_FJ0qDZlUx_1.jpg.710x400.jpg','https://image1.ljcdn.com/110000-inspection/pc0_JoQeLZynP_1.jpg.710x400.jpg','https://image1.ljcdn.com/x-se/hdic-frame/standard_83320cfe-5fa1-4491-bb96-625667619ae9.png.710x400.jpg','https://image1.ljcdn.com/110000-inspection/pc0_aneQ5QVm6_1.jpg.710x400.jpg'),
(10091,'https://image1.ljcdn.com/110000-inspection/pc1_gVyTmAWqC_1.jpg.710x400.jpg','https://image1.ljcdn.com/110000-inspection/pc0_PZStO0XgK_1.jpg.710x400.jpg','https://image1.ljcdn.com/110000-inspection/pc0_lIwv6DtSh_1.jpg.710x400.jpg','https://image1.ljcdn.com/x-se/hdic-frame/standard_0f327c65-d6c1-4a6e-8811-31c4a637bbef.png.710x400.jpg','https://image1.ljcdn.com/110000-inspection/pc0_1u1ahiM2w_1.jpg.710x400.jpg'),
(10092,'https://image1.ljcdn.com/110000-inspection/pc1_SPEBIYXXs_1.jpg.710x400.jpg','https://image1.ljcdn.com/110000-inspection/pc0_TN22ikiU7_1.jpg.710x400.jpg','https://image1.ljcdn.com/110000-inspection/pc0_BLB0feWyF_1.jpg.710x400.jpg','https://image1.ljcdn.com/x-se/hdic-frame/standard_48798de2-1547-404b-9545-7b50029b2d2a.png.710x400.jpg','https://image1.ljcdn.com/110000-inspection/pc0_bEwOw1IP8_1.jpg.710x400.jpg'),
(10093,'https://image1.ljcdn.com/110000-inspection/pc1_Z0gNM6PKw_1.jpg.710x400.jpg','https://image1.ljcdn.com/110000-inspection/apc_15ttjFkQm_1.jpg.710x400.jpg','https://image1.ljcdn.com/110000-inspection/apc_5ktSp8WvZ_1.jpg.710x400.jpg','https://image1.ljcdn.com/x-se/hdic-frame/standard_18304179-3a37-4a87-9d99-34f43ea806bc.png.710x400.jpg','https://image1.ljcdn.com/110000-inspection/pc0_1yZ2QiRUh_1.jpg.710x400.jpg'),
(10094,'https://image1.ljcdn.com/110000-inspection/pc0_q17RhbUxD_1.jpg.710x400.jpg','https://image1.ljcdn.com/110000-inspection/pc0_rulkammtx_1.jpg.710x400.jpg','https://image1.ljcdn.com/x-se/hdic-frame/standard_b57bc9f4-2a71-4328-8ce7-0e03fb2c3780.png.710x400.jpg','https://image1.ljcdn.com/110000-inspection/pc0_q9OWC8ckS_1.jpg.710x400.jpg','https://image1.ljcdn.com/110000-inspection/apc_L3LM0zAB6_1.jpg.710x400.jpg'),
(10095,'https://image1.ljcdn.com/110000-inspection/apc_c9QRVKSrO_1.jpg.710x400.jpg','https://image1.ljcdn.com/110000-inspection/apc_5pT1J6sRc_1.jpg.710x400.jpg','https://image1.ljcdn.com/x-se/hdic-frame/standard_1542f373-96aa-4cda-b483-4fce5a31723b.png.710x400.jpg','https://image1.ljcdn.com/110000-inspection/pc0_NML95IkkR_1.jpg.710x400.jpg','https://image1.ljcdn.com/110000-inspection/apc_Ql5HutnvM_1.jpg.710x400.jpg'),
(10096,'https://image1.ljcdn.com/110000-inspection/pc1_obHFkLQBH_1.jpg.710x400.jpg','https://image1.ljcdn.com/110000-inspection/pc0_o8fdxnHFi_1.jpg.710x400.jpg','https://image1.ljcdn.com/110000-inspection/pc0_hM9HNGW4n_1.jpg.710x400.jpg','https://image1.ljcdn.com/x-se/hdic-frame/standard_0737ef25-04ce-4b62-8357-122222b6693e.png.710x400.jpg','https://image1.ljcdn.com/110000-inspection/pc0_3mkYuHFkS_1.jpg.710x400.jpg'),
(10097,'https://image1.ljcdn.com/110000-inspection/pc1_yqxRe33i1_1.jpg.710x400.jpg','https://image1.ljcdn.com/110000-inspection/apc_ssOF6rTLk_1.jpg.710x400.jpg','https://image1.ljcdn.com/110000-inspection/pc0_5CugysnbW_1.jpg.710x400.jpg','https://image1.ljcdn.com/x-se/hdic-frame/standard_fb3eaa0b-80e0-4c22-a326-e8713917db4f.png.710x400.jpg','https://image1.ljcdn.com/110000-inspection/pc0_feQbFqX6g_1.jpg.710x400.jpg'),
(10098,'https://image1.ljcdn.com/110000-inspection/pc1_oyOpABdbd_1.jpg.710x400.jpg','https://image1.ljcdn.com/110000-inspection/pc0_Rb6OlUiAz_1.jpg.710x400.jpg','https://image1.ljcdn.com/110000-inspection/pc0_ORnN7hmkZ_1.jpg.710x400.jpg','https://image1.ljcdn.com/x-se/hdic-frame/standard_dbae1014-c840-47eb-9704-18b2ec7737c9.png.710x400.jpg','https://image1.ljcdn.com/110000-inspection/pc0_10RonSoJU_1.jpg.710x400.jpg'),
(10099,'https://image1.ljcdn.com/110000-inspection/pc1_0bPqB82Ar_1.jpg.710x400.jpg','https://image1.ljcdn.com/110000-inspection/pc0_VQWgw5cVn_1.jpg.710x400.jpg','https://image1.ljcdn.com/110000-inspection/apc_PuRXEO8IP_1.jpg.710x400.jpg','https://image1.ljcdn.com/x-se/hdic-frame/standard_5dd24f24-2e2e-46ce-b8a0-0ae30b5bec2f.png.710x400.jpg','https://image1.ljcdn.com/110000-inspection/apc_SAwIS5WOF_1.jpg.710x400.jpg'),
(10100,'https://image1.ljcdn.com/110000-inspection/pc0_2dfskXCf7_1.jpg.710x400.jpg','https://image1.ljcdn.com/110000-inspection/pc0_MX7yqQbkQ_1.jpg.710x400.jpg','https://image1.ljcdn.com/x-se/hdic-frame/standard_99582dd7-f741-476b-ae9e-47940618cb17.png.710x400.jpg','https://image1.ljcdn.com/110000-inspection/pc0_piPtmQgvl_1.jpg.710x400.jpg','https://image1.ljcdn.com/110000-inspection/pc0_vfaH2DeFO_1.jpg.710x400.jpg'),
(10101,'https://image1.ljcdn.com/110000-inspection/pc1_7pZim7ufw_1.jpg.710x400.jpg','https://image1.ljcdn.com/110000-inspection/pc0_7eaQaJAQn_1.jpg.710x400.jpg','https://image1.ljcdn.com/110000-inspection/apc_cjlejQAmT_1.jpg.710x400.jpg','https://image1.ljcdn.com/x-se/hdic-frame/standard_fcfe0971-0156-46f8-ab8f-2e276ec14970.png.710x400.jpg','https://image1.ljcdn.com/110000-inspection/apc_Pyvnzu6Cb_1.jpg.710x400.jpg'),
(10102,'https://image1.ljcdn.com/110000-inspection/pc1_XHfpBDshh.jpg.710x400.jpg','https://image1.ljcdn.com/110000-inspection/apc_F4J8hF2hQ_1.jpg.710x400.jpg','https://image1.ljcdn.com/110000-inspection/apc_9sAPssJRD_1.jpg.710x400.jpg','https://image1.ljcdn.com/x-se/hdic-frame/standard_24ed912a-db3f-4973-83fb-18015ae8ce8d.png.710x400.jpg','https://image1.ljcdn.com/110000-inspection/apc_5AHzlrtSt.jpg.710x400.jpg'),
(10103,'https://image1.ljcdn.com/110000-inspection/pc0_oK6oHhJ4L_1.jpg.710x400.jpg','https://image1.ljcdn.com/110000-inspection/apc_0BVTTqJDa_1.jpg.710x400.jpg','https://image1.ljcdn.com/x-se/hdic-frame/standard_2605c93e-a5b7-422b-b940-62aef4ae8bf2.png.710x400.jpg','https://image1.ljcdn.com/110000-inspection/pc0_8ZYIFTAs8_1.jpg.710x400.jpg','https://image1.ljcdn.com/110000-inspection/apc_5brZSNcqh_1.jpg.710x400.jpg'),
(10104,'https://image1.ljcdn.com/110000-inspection/pc1_Z0KlL5YCF_1.jpg.710x400.jpg','https://image1.ljcdn.com/110000-inspection/pc0_y4NmHF5QL_1.jpg.710x400.jpg','https://image1.ljcdn.com/110000-inspection/pc0_fbLy62U37_1.jpg.710x400.jpg','https://image1.ljcdn.com/x-se/hdic-frame/standard_32039e2e-cd4b-40fe-8430-0274cace501f.png.710x400.jpg','https://image1.ljcdn.com/110000-inspection/apc_3RfLL1iG8_1.jpg.710x400.jpg'),
(10105,'https://image1.ljcdn.com/110000-inspection/pc1_KLp2W5bu5_1.jpg.710x400.jpg','https://image1.ljcdn.com/110000-inspection/apc_T3tWGB7hx_1.jpg.710x400.jpg','https://image1.ljcdn.com/110000-inspection/apc_X1VjkA57y_1.jpg.710x400.jpg','https://image1.ljcdn.com/x-se/hdic-frame/standard_94565edb-ff10-4430-b7ca-ed25562bc1de.png.710x400.jpg','https://image1.ljcdn.com/110000-inspection/apc_E52IRE1za_1.jpg.710x400.jpg'),
(10106,'https://image1.ljcdn.com/110000-inspection/apc_OegURFxoJ_1.jpg.710x400.jpg','https://image1.ljcdn.com/110000-inspection/apc_RFTM5sRhK_1.jpg.710x400.jpg','https://image1.ljcdn.com/x-se/hdic-frame/standard_a5014a84-75da-4be6-a24f-547d08ae92ed.png.710x400.jpg','https://image1.ljcdn.com/110000-inspection/pc0_p3SHi7U7U_1.jpg.710x400.jpg','https://image1.ljcdn.com/110000-inspection/pc0_yNE4cz2Ag_1.jpg.710x400.jpg'),
(10107,'https://image1.ljcdn.com/110000-inspection/pc1_EJJeISsLa_1.jpg.710x400.jpg','https://image1.ljcdn.com/110000-inspection/pc0_0cMteuw5I_1.jpg.710x400.jpg','https://image1.ljcdn.com/110000-inspection/apc_wLkcQR4od_1.jpg.710x400.jpg','https://image1.ljcdn.com/x-se/hdic-frame/standard_de3c370d-e077-4cf4-9ea9-7b2c3d93d0a2.png.710x400.jpg','https://image1.ljcdn.com/110000-inspection/apc_OEU8Hibne_1.jpg.710x400.jpg'),
(10108,'https://image1.ljcdn.com/110000-inspection/pc1_xzNH0KWPU_1.jpg.710x400.jpg','https://image1.ljcdn.com/110000-inspection/pc0_kTBHjqsBz_1.jpg.710x400.jpg','https://image1.ljcdn.com/110000-inspection/pc0_an4EJ0z5w_1.jpg.710x400.jpg','https://image1.ljcdn.com/x-se/hdic-frame/standard_eeae460c-0085-42a5-aa8b-d6cf62c54490.png.710x400.jpg','https://image1.ljcdn.com/110000-inspection/pc0_4UzQ4C8hX_1.jpg.710x400.jpg'),
(10109,'https://image1.ljcdn.com/110000-inspection/pc0_VF2xxEE2l_1.jpg.710x400.jpg','https://image1.ljcdn.com/110000-inspection/pc0_w8ZbSzYyC_1.jpg.710x400.jpg','https://image1.ljcdn.com/x-se/hdic-frame/standard_82648f09-e63f-4c51-97ce-f7230363f25f.png.710x400.jpg','https://image1.ljcdn.com/110000-inspection/pc0_74CPLSV8g_1.jpg.710x400.jpg','https://image1.ljcdn.com/110000-inspection/pc0_z7VdPh7gk_1.jpg.710x400.jpg'),
(10110,'https://image1.ljcdn.com/110000-inspection/pc1_MyCuiarrd_1.jpg.710x400.jpg','https://image1.ljcdn.com/110000-inspection/pc0_HjzEG5Pag_1.jpg.710x400.jpg','https://image1.ljcdn.com/110000-inspection/pc0_MhlM8sXWk_1.jpg.710x400.jpg','https://image1.ljcdn.com/x-se/hdic-frame/standard_011710f9-db14-4d05-88ba-923c377206ec.png.710x400.jpg','https://image1.ljcdn.com/110000-inspection/pc0_0LUtMMZoG_1.jpg.710x400.jpg'),
(10118,'blob:http://localhost:8080/49ccb5ad-2b8b-4c80-8e96-7e51f3d7189f','blob:http://localhost:8080/bae3421b-b6bb-479e-a5fa-6b7e263c8d00','blob:http://localhost:8080/0d718513-4e56-408f-aea1-a1f8a2146a48','',''),
(10119,'blob:http://localhost:8080/87e9c630-e84a-4a1e-a8c9-c5f3e664f868','blob:http://localhost:8080/ab3f7cc9-475e-4be2-a637-e6da63c04e0c','blob:http://localhost:8080/adce9e6d-8b3b-4e17-83cb-45e7fb2e9b45','',''),
(10120,'blob:http://localhost:8080/85a36710-519d-481d-8726-3713b570c40a','blob:http://localhost:8080/b611bc11-2ad8-4e91-bf73-179066838d69','blob:http://localhost:8080/6a1b0220-c257-43f9-a8d6-79edb727a892','',''),
(10121,'http://localhost/img/QQ图片20220629203020.jpg','http://localhost/img/QQ图片20220629203022.jpg','http://localhost/img/QQ图片20220629203003.jpg','',''),
(10122,'http://localhost/img/QQ图片20220629203003.jpg','http://localhost/img/QQ图片20220629203020.jpg','http://localhost/img/QQ图片20220629203022.jpg','http://localhost/img/QQ图片20220629203025.jpg','http://localhost/img/QQ图片20220629203039.jpg'),
(10123,'http://localhost/img/QQ图片20220629203022.jpg','http://localhost/img/QQ图片20220629203025.jpg','http://localhost/img/QQ图片20220629203020.jpg','http://localhost/img/QQ图片20220629203003.jpg','http://localhost/img/QQ图片20220629203039.jpg'),
(10124,'http://localhost/img/QQ图片20220629203022.jpg','http://localhost/img/QQ图片20220629203025.jpg','http://localhost/img/QQ图片20220629203039.jpg','http://localhost/img/QQ图片20220629203003.jpg','http://localhost/img/QQ图片20220629203041.jpg'),
(10125,'http://localhost/img/QQ图片20220629203030.jpg','http://localhost/img/QQ图片20220629203020.jpg','http://localhost/img/QQ图片20220629203025.jpg','http://localhost/img/QQ图片20220629203039.jpg','http://localhost/img/QQ图片20220629203041.jpg'),
(10126,'http://localhost/img/QQ图片20220629203003.jpg','http://localhost/img/QQ图片20220629203020.jpg','http://localhost/img/QQ图片20220629203022.jpg','http://localhost/img/QQ图片20220629203025.jpg','http://localhost/img/QQ图片20220629203027.jpg'),
(10127,'http://localhost/img/QQ图片20220629203003.jpg','http://localhost/img/QQ图片20220629203020.jpg','http://localhost/img/QQ图片20220629203022.jpg','http://localhost/img/QQ图片20220629203039.jpg','http://localhost/img/QQ图片20220629203041.jpg');

/*Table structure for table `tb_order` */

DROP TABLE IF EXISTS `tb_order`;

CREATE TABLE `tb_order` (
  `orderId` int(11) NOT NULL AUTO_INCREMENT,
  `empId` int(11) DEFAULT NULL COMMENT '销售员工',
  `clientId` int(11) DEFAULT NULL COMMENT '购买房子客户',
  `salePrice` double(10,2) NOT NULL COMMENT '成交价格',
  `orderStatus` varchar(5) COLLATE utf8mb4_bin NOT NULL COMMENT '是否完成(支付)',
  `buildTime` datetime NOT NULL COMMENT '创建时间',
  `houseId` int(11) NOT NULL,
  PRIMARY KEY (`orderId`),
  KEY `empId` (`empId`),
  KEY `clientId` (`clientId`),
  KEY `houseId` (`houseId`),
  CONSTRAINT `tb_order_ibfk_1` FOREIGN KEY (`empId`) REFERENCES `tb_emp` (`empId`),
  CONSTRAINT `tb_order_ibfk_2` FOREIGN KEY (`clientId`) REFERENCES `tb_client` (`clientId`),
  CONSTRAINT `tb_order_ibfk_3` FOREIGN KEY (`houseId`) REFERENCES `tb_house` (`houseId`)
) ENGINE=InnoDB AUTO_INCREMENT=10079 DEFAULT CHARSET=utf8mb4 COLLATE=utf8mb4_bin;

/*Data for the table `tb_order` */

insert  into `tb_order`(`orderId`,`empId`,`clientId`,`salePrice`,`orderStatus`,`buildTime`,`houseId`) values 
(10002,10009,10033,135.00,'已完成','2022-08-28 11:42:41',10048),
(10003,10005,10052,116.00,'待支付','2022-04-18 17:27:36',10070),
(10004,10004,10002,110.00,'已完成','2022-11-14 12:12:31',10003),
(10005,10007,10020,145.00,'已完成','2022-02-03 14:53:25',10032),
(10006,10001,10035,92.00,'待支付','2022-10-09 17:51:04',10050),
(10007,10006,10049,123.00,'已完成','2022-04-14 13:05:13',10062),
(10008,10008,10055,86.00,'取消','2022-01-25 12:55:54',10077),
(10009,10006,10002,238.00,'已完成','2022-12-01 09:06:49',10004),
(10010,10010,10018,265.00,'已完成','2022-10-07 18:46:16',10030),
(10011,10006,10049,53.90,'已完成','2022-11-20 17:14:24',10063),
(10012,10003,10007,140.00,'已完成','2022-01-08 16:00:13',10010),
(10013,10002,10004,105.00,'取消','2022-06-04 14:17:14',10006),
(10014,10004,10055,128.60,'已完成','2022-06-13 16:04:27',10076),
(10015,10004,10048,95.00,'已完成','2022-04-12 12:58:40',10059),
(10016,10005,10017,139.90,'已完成','2022-01-11 18:00:47',10027),
(10017,10005,10048,218.00,'待支付','2022-06-28 09:21:09',10061),
(10018,10006,10042,73.20,'已完成','2022-05-19 14:47:42',10052),
(10019,10005,10048,99.00,'已完成','2022-12-27 16:35:37',10060),
(10020,10008,10020,115.00,'已完成','2022-10-08 11:42:21',10034),
(10021,10007,10031,128.00,'已完成','2022-02-02 11:54:55',10045),
(10022,10006,10009,52.00,'取消','2022-04-13 14:29:48',10012),
(10023,10007,10054,79.00,'已完成','2022-02-05 18:35:36',10073),
(10024,10003,10031,115.00,'已完成','2022-06-16 21:04:59',10046),
(10025,10002,10051,339.00,'已完成','2022-06-05 12:05:11',10067),
(10026,10003,10022,149.00,'已完成','2022-07-11 10:09:38',10036),
(10027,10009,10020,139.00,'待支付','2022-12-15 11:50:40',10033),
(10028,10001,10011,136.00,'已完成','2022-11-20 13:02:14',10017),
(10029,10009,10005,160.00,'已完成','2022-11-21 08:59:42',10007),
(10030,10007,10010,89.00,'已完成','2022-06-01 10:50:05',10015),
(10031,10004,10018,112.80,'待支付','2022-12-27 14:53:11',10028),
(10032,10010,10042,135.00,'已完成','2022-10-21 11:52:26',10053),
(10033,10010,10032,115.00,'待支付','2022-04-19 17:44:04',10047),
(10034,10001,10023,229.00,'已完成','2022-01-01 16:56:42',10037),
(10035,10006,10001,112.00,'已完成','2022-10-22 16:29:15',10002),
(10036,10010,10009,135.00,'已完成','2022-04-27 08:36:06',10013),
(10037,10005,10026,124.00,'已完成','2022-03-22 12:05:27',10041),
(10038,10007,10025,65.00,'待支付','2022-03-27 11:58:43',10038),
(10039,10009,10051,183.00,'取消','2022-12-16 13:23:31',10065),
(10040,10004,10034,92.00,'已完成','2022-07-27 14:51:55',10049),
(10041,10005,10058,215.00,'已完成','2022-12-22 14:20:09',10079),
(10042,10008,10006,163.00,'待支付','2022-03-19 15:12:02',10008),
(10043,10009,10040,133.00,'已完成','2022-10-11 13:30:10',10051),
(10044,10010,10052,142.00,'待支付','2022-06-24 21:03:46',10068),
(10045,10001,10009,157.50,'已完成','2022-04-08 11:50:47',10014),
(10046,10005,10031,195.00,'已完成','2022-11-14 12:23:04',10044),
(10047,10007,10057,180.00,'已完成','2022-03-10 09:10:44',10078),
(10048,10001,10013,43.00,'已完成','2022-04-11 09:34:07',10020),
(10049,10006,10051,185.00,'取消','2022-11-23 15:38:58',10066),
(10050,10008,10011,71.80,'已完成','2022-02-27 16:08:57',10018),
(10051,10010,10002,126.80,'已完成','2022-08-15 08:12:00',10005),
(10052,10009,10018,102.00,'已完成','2022-06-20 18:17:44',10029),
(10053,10003,10011,270.00,'已完成','2022-12-20 16:31:41',10016),
(10054,10007,10006,198.00,'取消','2022-01-06 13:48:58',10009),
(10055,10002,10046,110.00,'已完成','2020-07-06 13:37:28',10057),
(10056,10001,10014,95.00,'已完成','2020-02-13 15:29:49',10022),
(10057,10008,10050,119.00,'已完成','2022-05-17 18:23:16',10064),
(10058,10009,10044,167.00,'已完成','2022-05-19 17:33:32',10054),
(10059,10003,10046,99.00,'已完成','2022-02-28 17:32:48',10056),
(10061,10002,10003,100.00,'已完成','2022-06-15 02:02:02',10001),
(10062,10006,10002,238.00,'已完成','2022-12-01 09:06:49',10040),
(10065,10002,10081,50.00,'已完成','2022-06-22 16:00:00',10091),
(10066,10009,10088,123.00,'待支付','2022-06-22 16:00:00',10092),
(10067,10003,10088,123.00,'已完成','2022-06-07 16:00:00',10093),
(10068,10009,10001,138.00,'待支付','2022-06-28 09:42:14',10024),
(10072,10005,10081,100.00,'已完成','2022-06-29 10:01:16',10110),
(10078,10003,10096,95.00,'已完成','2022-07-05 09:52:36',10055);

/*!40101 SET SQL_MODE=@OLD_SQL_MODE */;
/*!40014 SET FOREIGN_KEY_CHECKS=@OLD_FOREIGN_KEY_CHECKS */;
/*!40014 SET UNIQUE_CHECKS=@OLD_UNIQUE_CHECKS */;
/*!40111 SET SQL_NOTES=@OLD_SQL_NOTES */;
